candidate_id,doc_id,source_pdf,page_idx,figure_count,mode,figure_family,difficulty,classification_confidence,classification_reason,overlay_path,figures_path,page_dir
c_0001,01_1710_02167v1,data/private/journalmix_v1/source_pdfs/compound_multi_panel/1710_02167v1.pdf,0,0,agfc,unknown,control,0.3,no_figures;page_has_no_figures,artifacts/corpus_runs/20260420_215816_journalmix_v1_arxiv32/docs/01_1710_02167v1/pages/page_000/overlay.png,artifacts/corpus_runs/20260420_215816_journalmix_v1_arxiv32/docs/01_1710_02167v1/pages/page_000/figures.json,artifacts/corpus_runs/20260420_215816_journalmix_v1_arxiv32/docs/01_1710_02167v1/pages/page_000
c_0002,01_1710_02167v1,data/private/journalmix_v1/source_pdfs/compound_multi_panel/1710_02167v1.pdf,1,1,agfc,route_map_or_flow,control,0.6,raster_single=1;flow_keyword_detected,artifacts/corpus_runs/20260420_215816_journalmix_v1_arxiv32/docs/01_1710_02167v1/pages/page_001/overlay.png,artifacts/corpus_runs/20260420_215816_journalmix_v1_arxiv32/docs/01_1710_02167v1/pages/page_001/figures.json,artifacts/corpus_runs/20260420_215816_journalmix_v1_arxiv32/docs/01_1710_02167v1/pages/page_001
c_0003,01_1710_02167v1,data/private/journalmix_v1/source_pdfs/compound_multi_panel/1710_02167v1.pdf,2,3,agfc,route_map_or_flow,hard,0.65,raster_multi_panel=0;figs=3;flow_keyword_detected;multi_figure_page=3,artifacts/corpus_runs/20260420_215816_journalmix_v1_arxiv32/docs/01_1710_02167v1/pages/page_002/overlay.png,artifacts/corpus_runs/20260420_215816_journalmix_v1_arxiv32/docs/01_1710_02167v1/pages/page_002/figures.json,artifacts/corpus_runs/20260420_215816_journalmix_v1_arxiv32/docs/01_1710_02167v1/pages/page_002
c_0004,01_1710_02167v1,data/private/journalmix_v1/source_pdfs/compound_multi_panel/1710_02167v1.pdf,3,1,agfc,mixed_vector_raster,control,0.4,raster_single=2,artifacts/corpus_runs/20260420_215816_journalmix_v1_arxiv32/docs/01_1710_02167v1/pages/page_003/overlay.png,artifacts/corpus_runs/20260420_215816_journalmix_v1_arxiv32/docs/01_1710_02167v1/pages/page_003/figures.json,artifacts/corpus_runs/20260420_215816_journalmix_v1_arxiv32/docs/01_1710_02167v1/pages/page_003
c_0005,01_1710_02167v1,data/private/journalmix_v1/source_pdfs/compound_multi_panel/1710_02167v1.pdf,4,0,agfc,unknown,control,0.3,no_figures;page_has_no_figures,artifacts/corpus_runs/20260420_215816_journalmix_v1_arxiv32/docs/01_1710_02167v1/pages/page_004/overlay.png,artifacts/corpus_runs/20260420_215816_journalmix_v1_arxiv32/docs/01_1710_02167v1/pages/page_004/figures.json,artifacts/corpus_runs/20260420_215816_journalmix_v1_arxiv32/docs/01_1710_02167v1/pages/page_004
c_0006,01_1710_02167v1,data/private/journalmix_v1/source_pdfs/compound_multi_panel/1710_02167v1.pdf,5,1,agfc,mixed_vector_raster,control,0.4,raster_single=1,artifacts/corpus_runs/20260420_215816_journalmix_v1_arxiv32/docs/01_1710_02167v1/pages/page_005/overlay.png,artifacts/corpus_runs/20260420_215816_journalmix_v1_arxiv32/docs/01_1710_02167v1/pages/page_005/figures.json,artifacts/corpus_runs/20260420_215816_journalmix_v1_arxiv32/docs/01_1710_02167v1/pages/page_005
c_0007,01_1710_02167v1,data/private/journalmix_v1/source_pdfs/compound_multi_panel/1710_02167v1.pdf,6,2,agfc,route_map_or_flow,stress,0.65,raster_multi_panel=6;figs=2;flow_keyword_detected;multi_figure_page=2;many_panels=6,artifacts/corpus_runs/20260420_215816_journalmix_v1_arxiv32/docs/01_1710_02167v1/pages/page_006/overlay.png,artifacts/corpus_runs/20260420_215816_journalmix_v1_arxiv32/docs/01_1710_02167v1/pages/page_006/figures.json,artifacts/corpus_runs/20260420_215816_journalmix_v1_arxiv32/docs/01_1710_02167v1/pages/page_006
c_0008,01_1710_02167v1,data/private/journalmix_v1/source_pdfs/compound_multi_panel/1710_02167v1.pdf,7,1,agfc,mixed_vector_raster,control,0.65,vector=1;raster=9,artifacts/corpus_runs/20260420_215816_journalmix_v1_arxiv32/docs/01_1710_02167v1/pages/page_007/overlay.png,artifacts/corpus_runs/20260420_215816_journalmix_v1_arxiv32/docs/01_1710_02167v1/pages/page_007/figures.json,artifacts/corpus_runs/20260420_215816_journalmix_v1_arxiv32/docs/01_1710_02167v1/pages/page_007
c_0009,01_1710_02167v1,data/private/journalmix_v1/source_pdfs/compound_multi_panel/1710_02167v1.pdf,8,1,agfc,compound_multi_panel,control,0.65,raster_multi_panel=4;figs=1,artifacts/corpus_runs/20260420_215816_journalmix_v1_arxiv32/docs/01_1710_02167v1/pages/page_008/overlay.png,artifacts/corpus_runs/20260420_215816_journalmix_v1_arxiv32/docs/01_1710_02167v1/pages/page_008/figures.json,artifacts/corpus_runs/20260420_215816_journalmix_v1_arxiv32/docs/01_1710_02167v1/pages/page_008
c_0010,01_1710_02167v1,data/private/journalmix_v1/source_pdfs/compound_multi_panel/1710_02167v1.pdf,9,1,agfc,mixed_vector_raster,control,0.4,raster_single=8,artifacts/corpus_runs/20260420_215816_journalmix_v1_arxiv32/docs/01_1710_02167v1/pages/page_009/overlay.png,artifacts/corpus_runs/20260420_215816_journalmix_v1_arxiv32/docs/01_1710_02167v1/pages/page_009/figures.json,artifacts/corpus_runs/20260420_215816_journalmix_v1_arxiv32/docs/01_1710_02167v1/pages/page_009
c_0011,01_1710_02167v1,data/private/journalmix_v1/source_pdfs/compound_multi_panel/1710_02167v1.pdf,10,0,agfc,unknown,control,0.3,no_figures;page_has_no_figures,artifacts/corpus_runs/20260420_215816_journalmix_v1_arxiv32/docs/01_1710_02167v1/pages/page_010/overlay.png,artifacts/corpus_runs/20260420_215816_journalmix_v1_arxiv32/docs/01_1710_02167v1/pages/page_010/figures.json,artifacts/corpus_runs/20260420_215816_journalmix_v1_arxiv32/docs/01_1710_02167v1/pages/page_010
c_0012,01_1710_02167v1,data/private/journalmix_v1/source_pdfs/compound_multi_panel/1710_02167v1.pdf,11,1,agfc,compound_multi_panel,control,0.65,raster_multi_panel=3;figs=1,artifacts/corpus_runs/20260420_215816_journalmix_v1_arxiv32/docs/01_1710_02167v1/pages/page_011/overlay.png,artifacts/corpus_runs/20260420_215816_journalmix_v1_arxiv32/docs/01_1710_02167v1/pages/page_011/figures.json,artifacts/corpus_runs/20260420_215816_journalmix_v1_arxiv32/docs/01_1710_02167v1/pages/page_011
c_0013,01_1710_02167v1,data/private/journalmix_v1/source_pdfs/compound_multi_panel/1710_02167v1.pdf,12,1,agfc,mixed_vector_raster,control,0.4,raster_single=8,artifacts/corpus_runs/20260420_215816_journalmix_v1_arxiv32/docs/01_1710_02167v1/pages/page_012/overlay.png,artifacts/corpus_runs/20260420_215816_journalmix_v1_arxiv32/docs/01_1710_02167v1/pages/page_012/figures.json,artifacts/corpus_runs/20260420_215816_journalmix_v1_arxiv32/docs/01_1710_02167v1/pages/page_012
c_0014,01_1710_02167v1,data/private/journalmix_v1/source_pdfs/compound_multi_panel/1710_02167v1.pdf,13,1,agfc,mixed_vector_raster,control,0.4,raster_single=8,artifacts/corpus_runs/20260420_215816_journalmix_v1_arxiv32/docs/01_1710_02167v1/pages/page_013/overlay.png,artifacts/corpus_runs/20260420_215816_journalmix_v1_arxiv32/docs/01_1710_02167v1/pages/page_013/figures.json,artifacts/corpus_runs/20260420_215816_journalmix_v1_arxiv32/docs/01_1710_02167v1/pages/page_013
c_0015,01_1710_02167v1,data/private/journalmix_v1/source_pdfs/compound_multi_panel/1710_02167v1.pdf,14,1,agfc,mixed_vector_raster,control,0.4,raster_single=8,artifacts/corpus_runs/20260420_215816_journalmix_v1_arxiv32/docs/01_1710_02167v1/pages/page_014/overlay.png,artifacts/corpus_runs/20260420_215816_journalmix_v1_arxiv32/docs/01_1710_02167v1/pages/page_014/figures.json,artifacts/corpus_runs/20260420_215816_journalmix_v1_arxiv32/docs/01_1710_02167v1/pages/page_014
c_0016,01_1710_02167v1,data/private/journalmix_v1/source_pdfs/compound_multi_panel/1710_02167v1.pdf,15,1,agfc,vector_dominant,control,0.7,vector_only=5,artifacts/corpus_runs/20260420_215816_journalmix_v1_arxiv32/docs/01_1710_02167v1/pages/page_015/overlay.png,artifacts/corpus_runs/20260420_215816_journalmix_v1_arxiv32/docs/01_1710_02167v1/pages/page_015/figures.json,artifacts/corpus_runs/20260420_215816_journalmix_v1_arxiv32/docs/01_1710_02167v1/pages/page_015
c_0017,02_2101_09903v2,data/private/journalmix_v1/source_pdfs/compound_multi_panel/2101_09903v2.pdf,0,0,agfc,unknown,control,0.3,no_figures;page_has_no_figures,artifacts/corpus_runs/20260420_215816_journalmix_v1_arxiv32/docs/02_2101_09903v2/pages/page_000/overlay.png,artifacts/corpus_runs/20260420_215816_journalmix_v1_arxiv32/docs/02_2101_09903v2/pages/page_000/figures.json,artifacts/corpus_runs/20260420_215816_journalmix_v1_arxiv32/docs/02_2101_09903v2/pages/page_000
c_0018,02_2101_09903v2,data/private/journalmix_v1/source_pdfs/compound_multi_panel/2101_09903v2.pdf,1,2,agfc,compound_multi_panel,stress,0.65,vector=21;raster=4;high_panel_count=6;multi_figure_page=2;many_panels=6,artifacts/corpus_runs/20260420_215816_journalmix_v1_arxiv32/docs/02_2101_09903v2/pages/page_001/overlay.png,artifacts/corpus_runs/20260420_215816_journalmix_v1_arxiv32/docs/02_2101_09903v2/pages/page_001/figures.json,artifacts/corpus_runs/20260420_215816_journalmix_v1_arxiv32/docs/02_2101_09903v2/pages/page_001
c_0019,02_2101_09903v2,data/private/journalmix_v1/source_pdfs/compound_multi_panel/2101_09903v2.pdf,2,1,agfc,compound_multi_panel,stress,0.65,vector=9;raster=21;high_panel_count=10;dense_page_with_caption;atoms=61;many_panels=10,artifacts/corpus_runs/20260420_215816_journalmix_v1_arxiv32/docs/02_2101_09903v2/pages/page_002/overlay.png,artifacts/corpus_runs/20260420_215816_journalmix_v1_arxiv32/docs/02_2101_09903v2/pages/page_002/figures.json,artifacts/corpus_runs/20260420_215816_journalmix_v1_arxiv32/docs/02_2101_09903v2/pages/page_002
c_0020,02_2101_09903v2,data/private/journalmix_v1/source_pdfs/compound_multi_panel/2101_09903v2.pdf,3,0,agfc,unknown,control,0.3,no_figures;page_has_no_figures,artifacts/corpus_runs/20260420_215816_journalmix_v1_arxiv32/docs/02_2101_09903v2/pages/page_003/overlay.png,artifacts/corpus_runs/20260420_215816_journalmix_v1_arxiv32/docs/02_2101_09903v2/pages/page_003/figures.json,artifacts/corpus_runs/20260420_215816_journalmix_v1_arxiv32/docs/02_2101_09903v2/pages/page_003
c_0021,02_2101_09903v2,data/private/journalmix_v1/source_pdfs/compound_multi_panel/2101_09903v2.pdf,4,0,agfc,unknown,control,0.3,no_figures;page_has_no_figures,artifacts/corpus_runs/20260420_215816_journalmix_v1_arxiv32/docs/02_2101_09903v2/pages/page_004/overlay.png,artifacts/corpus_runs/20260420_215816_journalmix_v1_arxiv32/docs/02_2101_09903v2/pages/page_004/figures.json,artifacts/corpus_runs/20260420_215816_journalmix_v1_arxiv32/docs/02_2101_09903v2/pages/page_004
c_0022,03_2203_11714v1,data/private/journalmix_v1/source_pdfs/compound_multi_panel/2203_11714v1.pdf,0,0,agfc,unknown,control,0.3,no_figures;page_has_no_figures,artifacts/corpus_runs/20260420_215816_journalmix_v1_arxiv32/docs/03_2203_11714v1/pages/page_000/overlay.png,artifacts/corpus_runs/20260420_215816_journalmix_v1_arxiv32/docs/03_2203_11714v1/pages/page_000/figures.json,artifacts/corpus_runs/20260420_215816_journalmix_v1_arxiv32/docs/03_2203_11714v1/pages/page_000
c_0023,03_2203_11714v1,data/private/journalmix_v1/source_pdfs/compound_multi_panel/2203_11714v1.pdf,1,0,agfc,unknown,control,0.3,vector_only=6;no_figures;page_has_no_figures,artifacts/corpus_runs/20260420_215816_journalmix_v1_arxiv32/docs/03_2203_11714v1/pages/page_001/overlay.png,artifacts/corpus_runs/20260420_215816_journalmix_v1_arxiv32/docs/03_2203_11714v1/pages/page_001/figures.json,artifacts/corpus_runs/20260420_215816_journalmix_v1_arxiv32/docs/03_2203_11714v1/pages/page_001
c_0024,03_2203_11714v1,data/private/journalmix_v1/source_pdfs/compound_multi_panel/2203_11714v1.pdf,2,3,agfc,vector_dominant,stress,0.7,vector_only=62;multi_figure_page=3;very_dense_page;atoms=115,artifacts/corpus_runs/20260420_215816_journalmix_v1_arxiv32/docs/03_2203_11714v1/pages/page_002/overlay.png,artifacts/corpus_runs/20260420_215816_journalmix_v1_arxiv32/docs/03_2203_11714v1/pages/page_002/figures.json,artifacts/corpus_runs/20260420_215816_journalmix_v1_arxiv32/docs/03_2203_11714v1/pages/page_002
c_0025,03_2203_11714v1,data/private/journalmix_v1/source_pdfs/compound_multi_panel/2203_11714v1.pdf,3,1,agfc,compound_multi_panel,control,0.65,raster_multi_panel=4;figs=1,artifacts/corpus_runs/20260420_215816_journalmix_v1_arxiv32/docs/03_2203_11714v1/pages/page_003/overlay.png,artifacts/corpus_runs/20260420_215816_journalmix_v1_arxiv32/docs/03_2203_11714v1/pages/page_003/figures.json,artifacts/corpus_runs/20260420_215816_journalmix_v1_arxiv32/docs/03_2203_11714v1/pages/page_003
c_0026,03_2203_11714v1,data/private/journalmix_v1/source_pdfs/compound_multi_panel/2203_11714v1.pdf,4,1,agfc,vector_dominant,stress,0.7,vector_only=64;dense_page_with_caption;atoms=116;very_dense_page;atoms=116,artifacts/corpus_runs/20260420_215816_journalmix_v1_arxiv32/docs/03_2203_11714v1/pages/page_004/overlay.png,artifacts/corpus_runs/20260420_215816_journalmix_v1_arxiv32/docs/03_2203_11714v1/pages/page_004/figures.json,artifacts/corpus_runs/20260420_215816_journalmix_v1_arxiv32/docs/03_2203_11714v1/pages/page_004
c_0027,04_2412_19303v1,data/private/journalmix_v1/source_pdfs/compound_multi_panel/2412_19303v1.pdf,0,1,agfc,compound_multi_panel,stress,0.65,vector=16;raster=5;high_panel_count=7;dense_page_with_caption;atoms=45;many_panels=7,artifacts/corpus_runs/20260420_215816_journalmix_v1_arxiv32/docs/04_2412_19303v1/pages/page_000/overlay.png,artifacts/corpus_runs/20260420_215816_journalmix_v1_arxiv32/docs/04_2412_19303v1/pages/page_000/figures.json,artifacts/corpus_runs/20260420_215816_journalmix_v1_arxiv32/docs/04_2412_19303v1/pages/page_000
c_0028,04_2412_19303v1,data/private/journalmix_v1/source_pdfs/compound_multi_panel/2412_19303v1.pdf,1,0,agfc,unknown,control,0.3,no_figures;page_has_no_figures,artifacts/corpus_runs/20260420_215816_journalmix_v1_arxiv32/docs/04_2412_19303v1/pages/page_001/overlay.png,artifacts/corpus_runs/20260420_215816_journalmix_v1_arxiv32/docs/04_2412_19303v1/pages/page_001/figures.json,artifacts/corpus_runs/20260420_215816_journalmix_v1_arxiv32/docs/04_2412_19303v1/pages/page_001
c_0029,04_2412_19303v1,data/private/journalmix_v1/source_pdfs/compound_multi_panel/2412_19303v1.pdf,2,1,agfc,mixed_vector_raster,control,0.65,vector=15;raster=2,artifacts/corpus_runs/20260420_215816_journalmix_v1_arxiv32/docs/04_2412_19303v1/pages/page_002/overlay.png,artifacts/corpus_runs/20260420_215816_journalmix_v1_arxiv32/docs/04_2412_19303v1/pages/page_002/figures.json,artifacts/corpus_runs/20260420_215816_journalmix_v1_arxiv32/docs/04_2412_19303v1/pages/page_002
c_0030,04_2412_19303v1,data/private/journalmix_v1/source_pdfs/compound_multi_panel/2412_19303v1.pdf,3,1,agfc,route_map_or_flow,stress,0.65,vector=30;raster=15;flow_keyword_detected;dense_page_with_caption;atoms=80;many_panels=10,artifacts/corpus_runs/20260420_215816_journalmix_v1_arxiv32/docs/04_2412_19303v1/pages/page_003/overlay.png,artifacts/corpus_runs/20260420_215816_journalmix_v1_arxiv32/docs/04_2412_19303v1/pages/page_003/figures.json,artifacts/corpus_runs/20260420_215816_journalmix_v1_arxiv32/docs/04_2412_19303v1/pages/page_003
c_0031,04_2412_19303v1,data/private/journalmix_v1/source_pdfs/compound_multi_panel/2412_19303v1.pdf,4,1,agfc,compound_multi_panel,stress,0.65,vector=9;raster=20;high_panel_count=22;dense_page_with_caption;atoms=95;very_dense_page;atoms=95;many_panels=22,artifacts/corpus_runs/20260420_215816_journalmix_v1_arxiv32/docs/04_2412_19303v1/pages/page_004/overlay.png,artifacts/corpus_runs/20260420_215816_journalmix_v1_arxiv32/docs/04_2412_19303v1/pages/page_004/figures.json,artifacts/corpus_runs/20260420_215816_journalmix_v1_arxiv32/docs/04_2412_19303v1/pages/page_004
c_0032,04_2412_19303v1,data/private/journalmix_v1/source_pdfs/compound_multi_panel/2412_19303v1.pdf,5,1,agfc,mixed_vector_raster,control,0.65,vector=5;raster=3,artifacts/corpus_runs/20260420_215816_journalmix_v1_arxiv32/docs/04_2412_19303v1/pages/page_005/overlay.png,artifacts/corpus_runs/20260420_215816_journalmix_v1_arxiv32/docs/04_2412_19303v1/pages/page_005/figures.json,artifacts/corpus_runs/20260420_215816_journalmix_v1_arxiv32/docs/04_2412_19303v1/pages/page_005
c_0033,04_2412_19303v1,data/private/journalmix_v1/source_pdfs/compound_multi_panel/2412_19303v1.pdf,6,0,agfc,unknown,control,0.3,no_figures;page_has_no_figures,artifacts/corpus_runs/20260420_215816_journalmix_v1_arxiv32/docs/04_2412_19303v1/pages/page_006/overlay.png,artifacts/corpus_runs/20260420_215816_journalmix_v1_arxiv32/docs/04_2412_19303v1/pages/page_006/figures.json,artifacts/corpus_runs/20260420_215816_journalmix_v1_arxiv32/docs/04_2412_19303v1/pages/page_006
c_0034,04_2412_19303v1,data/private/journalmix_v1/source_pdfs/compound_multi_panel/2412_19303v1.pdf,7,2,agfc,compound_multi_panel,stress,0.65,vector=14;raster=28;high_panel_count=28;multi_figure_page=2;many_panels=28,artifacts/corpus_runs/20260420_215816_journalmix_v1_arxiv32/docs/04_2412_19303v1/pages/page_007/overlay.png,artifacts/corpus_runs/20260420_215816_journalmix_v1_arxiv32/docs/04_2412_19303v1/pages/page_007/figures.json,artifacts/corpus_runs/20260420_215816_journalmix_v1_arxiv32/docs/04_2412_19303v1/pages/page_007
c_0035,04_2412_19303v1,data/private/journalmix_v1/source_pdfs/compound_multi_panel/2412_19303v1.pdf,8,0,agfc,unknown,control,0.3,no_figures;page_has_no_figures,artifacts/corpus_runs/20260420_215816_journalmix_v1_arxiv32/docs/04_2412_19303v1/pages/page_008/overlay.png,artifacts/corpus_runs/20260420_215816_journalmix_v1_arxiv32/docs/04_2412_19303v1/pages/page_008/figures.json,artifacts/corpus_runs/20260420_215816_journalmix_v1_arxiv32/docs/04_2412_19303v1/pages/page_008
c_0036,04_2412_19303v1,data/private/journalmix_v1/source_pdfs/compound_multi_panel/2412_19303v1.pdf,9,0,agfc,unknown,control,0.3,no_figures;page_has_no_figures,artifacts/corpus_runs/20260420_215816_journalmix_v1_arxiv32/docs/04_2412_19303v1/pages/page_009/overlay.png,artifacts/corpus_runs/20260420_215816_journalmix_v1_arxiv32/docs/04_2412_19303v1/pages/page_009/figures.json,artifacts/corpus_runs/20260420_215816_journalmix_v1_arxiv32/docs/04_2412_19303v1/pages/page_009
c_0037,04_2412_19303v1,data/private/journalmix_v1/source_pdfs/compound_multi_panel/2412_19303v1.pdf,10,0,agfc,unknown,control,0.3,no_figures;page_has_no_figures,artifacts/corpus_runs/20260420_215816_journalmix_v1_arxiv32/docs/04_2412_19303v1/pages/page_010/overlay.png,artifacts/corpus_runs/20260420_215816_journalmix_v1_arxiv32/docs/04_2412_19303v1/pages/page_010/figures.json,artifacts/corpus_runs/20260420_215816_journalmix_v1_arxiv32/docs/04_2412_19303v1/pages/page_010
c_0038,04_2412_19303v1,data/private/journalmix_v1/source_pdfs/compound_multi_panel/2412_19303v1.pdf,11,3,agfc,compound_multi_panel,stress,0.65,vector=38;raster=36;high_panel_count=39;multi_figure_page=3;very_dense_page;atoms=86;many_panels=39,artifacts/corpus_runs/20260420_215816_journalmix_v1_arxiv32/docs/04_2412_19303v1/pages/page_011/overlay.png,artifacts/corpus_runs/20260420_215816_journalmix_v1_arxiv32/docs/04_2412_19303v1/pages/page_011/figures.json,artifacts/corpus_runs/20260420_215816_journalmix_v1_arxiv32/docs/04_2412_19303v1/pages/page_011
c_0039,04_2412_19303v1,data/private/journalmix_v1/source_pdfs/compound_multi_panel/2412_19303v1.pdf,12,1,agfc,compound_multi_panel,control,0.65,vector=18;raster=3;high_panel_count=3,artifacts/corpus_runs/20260420_215816_journalmix_v1_arxiv32/docs/04_2412_19303v1/pages/page_012/overlay.png,artifacts/corpus_runs/20260420_215816_journalmix_v1_arxiv32/docs/04_2412_19303v1/pages/page_012/figures.json,artifacts/corpus_runs/20260420_215816_journalmix_v1_arxiv32/docs/04_2412_19303v1/pages/page_012
c_0040,05_2503_05524v1,data/private/journalmix_v1/source_pdfs/compound_multi_panel/2503_05524v1.pdf,0,0,agfc,unknown,control,0.3,no_figures;page_has_no_figures,artifacts/corpus_runs/20260420_215816_journalmix_v1_arxiv32/docs/05_2503_05524v1/pages/page_000/overlay.png,artifacts/corpus_runs/20260420_215816_journalmix_v1_arxiv32/docs/05_2503_05524v1/pages/page_000/figures.json,artifacts/corpus_runs/20260420_215816_journalmix_v1_arxiv32/docs/05_2503_05524v1/pages/page_000
c_0041,05_2503_05524v1,data/private/journalmix_v1/source_pdfs/compound_multi_panel/2503_05524v1.pdf,1,0,agfc,unknown,control,0.3,no_figures;page_has_no_figures,artifacts/corpus_runs/20260420_215816_journalmix_v1_arxiv32/docs/05_2503_05524v1/pages/page_001/overlay.png,artifacts/corpus_runs/20260420_215816_journalmix_v1_arxiv32/docs/05_2503_05524v1/pages/page_001/figures.json,artifacts/corpus_runs/20260420_215816_journalmix_v1_arxiv32/docs/05_2503_05524v1/pages/page_001
c_0042,05_2503_05524v1,data/private/journalmix_v1/source_pdfs/compound_multi_panel/2503_05524v1.pdf,2,1,agfc,vector_dominant,hard,0.7,vector_only=5;dense_page_with_caption;atoms=41,artifacts/corpus_runs/20260420_215816_journalmix_v1_arxiv32/docs/05_2503_05524v1/pages/page_002/overlay.png,artifacts/corpus_runs/20260420_215816_journalmix_v1_arxiv32/docs/05_2503_05524v1/pages/page_002/figures.json,artifacts/corpus_runs/20260420_215816_journalmix_v1_arxiv32/docs/05_2503_05524v1/pages/page_002
c_0043,05_2503_05524v1,data/private/journalmix_v1/source_pdfs/compound_multi_panel/2503_05524v1.pdf,3,1,agfc,compound_multi_panel,control,0.65,vector=6;raster=2;high_panel_count=4,artifacts/corpus_runs/20260420_215816_journalmix_v1_arxiv32/docs/05_2503_05524v1/pages/page_003/overlay.png,artifacts/corpus_runs/20260420_215816_journalmix_v1_arxiv32/docs/05_2503_05524v1/pages/page_003/figures.json,artifacts/corpus_runs/20260420_215816_journalmix_v1_arxiv32/docs/05_2503_05524v1/pages/page_003
c_0044,05_2503_05524v1,data/private/journalmix_v1/source_pdfs/compound_multi_panel/2503_05524v1.pdf,4,1,agfc,vector_dominant,stress,0.7,vector_only=21;dense_page_with_caption;atoms=124;very_dense_page;atoms=124,artifacts/corpus_runs/20260420_215816_journalmix_v1_arxiv32/docs/05_2503_05524v1/pages/page_004/overlay.png,artifacts/corpus_runs/20260420_215816_journalmix_v1_arxiv32/docs/05_2503_05524v1/pages/page_004/figures.json,artifacts/corpus_runs/20260420_215816_journalmix_v1_arxiv32/docs/05_2503_05524v1/pages/page_004
c_0045,05_2503_05524v1,data/private/journalmix_v1/source_pdfs/compound_multi_panel/2503_05524v1.pdf,5,0,agfc,unknown,control,0.3,no_figures;page_has_no_figures,artifacts/corpus_runs/20260420_215816_journalmix_v1_arxiv32/docs/05_2503_05524v1/pages/page_005/overlay.png,artifacts/corpus_runs/20260420_215816_journalmix_v1_arxiv32/docs/05_2503_05524v1/pages/page_005/figures.json,artifacts/corpus_runs/20260420_215816_journalmix_v1_arxiv32/docs/05_2503_05524v1/pages/page_005
c_0046,05_2503_05524v1,data/private/journalmix_v1/source_pdfs/compound_multi_panel/2503_05524v1.pdf,6,0,agfc,unknown,control,0.3,no_figures;page_has_no_figures,artifacts/corpus_runs/20260420_215816_journalmix_v1_arxiv32/docs/05_2503_05524v1/pages/page_006/overlay.png,artifacts/corpus_runs/20260420_215816_journalmix_v1_arxiv32/docs/05_2503_05524v1/pages/page_006/figures.json,artifacts/corpus_runs/20260420_215816_journalmix_v1_arxiv32/docs/05_2503_05524v1/pages/page_006
c_0047,05_2503_05524v1,data/private/journalmix_v1/source_pdfs/compound_multi_panel/2503_05524v1.pdf,7,1,agfc,vector_dominant,control,0.7,vector_only=7,artifacts/corpus_runs/20260420_215816_journalmix_v1_arxiv32/docs/05_2503_05524v1/pages/page_007/overlay.png,artifacts/corpus_runs/20260420_215816_journalmix_v1_arxiv32/docs/05_2503_05524v1/pages/page_007/figures.json,artifacts/corpus_runs/20260420_215816_journalmix_v1_arxiv32/docs/05_2503_05524v1/pages/page_007
c_0048,05_2503_05524v1,data/private/journalmix_v1/source_pdfs/compound_multi_panel/2503_05524v1.pdf,8,2,agfc,compound_multi_panel,stress,0.65,vector=14;raster=4;high_panel_count=9;multi_figure_page=2;very_dense_page;atoms=92;many_panels=9,artifacts/corpus_runs/20260420_215816_journalmix_v1_arxiv32/docs/05_2503_05524v1/pages/page_008/overlay.png,artifacts/corpus_runs/20260420_215816_journalmix_v1_arxiv32/docs/05_2503_05524v1/pages/page_008/figures.json,artifacts/corpus_runs/20260420_215816_journalmix_v1_arxiv32/docs/05_2503_05524v1/pages/page_008
c_0049,05_2503_05524v1,data/private/journalmix_v1/source_pdfs/compound_multi_panel/2503_05524v1.pdf,9,1,agfc,compound_multi_panel,hard,0.7,vector_only=9;high_panel_count=4;dense_page_with_caption;atoms=43,artifacts/corpus_runs/20260420_215816_journalmix_v1_arxiv32/docs/05_2503_05524v1/pages/page_009/overlay.png,artifacts/corpus_runs/20260420_215816_journalmix_v1_arxiv32/docs/05_2503_05524v1/pages/page_009/figures.json,artifacts/corpus_runs/20260420_215816_journalmix_v1_arxiv32/docs/05_2503_05524v1/pages/page_009
c_0050,05_2503_05524v1,data/private/journalmix_v1/source_pdfs/compound_multi_panel/2503_05524v1.pdf,10,1,agfc,vector_dominant,control,0.7,vector_only=3,artifacts/corpus_runs/20260420_215816_journalmix_v1_arxiv32/docs/05_2503_05524v1/pages/page_010/overlay.png,artifacts/corpus_runs/20260420_215816_journalmix_v1_arxiv32/docs/05_2503_05524v1/pages/page_010/figures.json,artifacts/corpus_runs/20260420_215816_journalmix_v1_arxiv32/docs/05_2503_05524v1/pages/page_010
c_0051,05_2503_05524v1,data/private/journalmix_v1/source_pdfs/compound_multi_panel/2503_05524v1.pdf,11,1,agfc,compound_multi_panel,stress,0.7,vector_only=10;high_panel_count=5;dense_page_with_caption;atoms=66;many_panels=5,artifacts/corpus_runs/20260420_215816_journalmix_v1_arxiv32/docs/05_2503_05524v1/pages/page_011/overlay.png,artifacts/corpus_runs/20260420_215816_journalmix_v1_arxiv32/docs/05_2503_05524v1/pages/page_011/figures.json,artifacts/corpus_runs/20260420_215816_journalmix_v1_arxiv32/docs/05_2503_05524v1/pages/page_011
c_0052,05_2503_05524v1,data/private/journalmix_v1/source_pdfs/compound_multi_panel/2503_05524v1.pdf,12,0,agfc,unknown,control,0.3,no_figures;page_has_no_figures,artifacts/corpus_runs/20260420_215816_journalmix_v1_arxiv32/docs/05_2503_05524v1/pages/page_012/overlay.png,artifacts/corpus_runs/20260420_215816_journalmix_v1_arxiv32/docs/05_2503_05524v1/pages/page_012/figures.json,artifacts/corpus_runs/20260420_215816_journalmix_v1_arxiv32/docs/05_2503_05524v1/pages/page_012
c_0053,05_2503_05524v1,data/private/journalmix_v1/source_pdfs/compound_multi_panel/2503_05524v1.pdf,13,0,agfc,unknown,control,0.3,no_figures;page_has_no_figures,artifacts/corpus_runs/20260420_215816_journalmix_v1_arxiv32/docs/05_2503_05524v1/pages/page_013/overlay.png,artifacts/corpus_runs/20260420_215816_journalmix_v1_arxiv32/docs/05_2503_05524v1/pages/page_013/figures.json,artifacts/corpus_runs/20260420_215816_journalmix_v1_arxiv32/docs/05_2503_05524v1/pages/page_013
c_0054,06_2506_18900v1,data/private/journalmix_v1/source_pdfs/compound_multi_panel/2506_18900v1.pdf,0,1,agfc,compound_multi_panel,control,0.65,vector=1;raster=2;high_panel_count=3,artifacts/corpus_runs/20260420_215816_journalmix_v1_arxiv32/docs/06_2506_18900v1/pages/page_000/overlay.png,artifacts/corpus_runs/20260420_215816_journalmix_v1_arxiv32/docs/06_2506_18900v1/pages/page_000/figures.json,artifacts/corpus_runs/20260420_215816_journalmix_v1_arxiv32/docs/06_2506_18900v1/pages/page_000
c_0055,06_2506_18900v1,data/private/journalmix_v1/source_pdfs/compound_multi_panel/2506_18900v1.pdf,1,0,agfc,unknown,control,0.3,no_figures;page_has_no_figures,artifacts/corpus_runs/20260420_215816_journalmix_v1_arxiv32/docs/06_2506_18900v1/pages/page_001/overlay.png,artifacts/corpus_runs/20260420_215816_journalmix_v1_arxiv32/docs/06_2506_18900v1/pages/page_001/figures.json,artifacts/corpus_runs/20260420_215816_journalmix_v1_arxiv32/docs/06_2506_18900v1/pages/page_001
c_0056,06_2506_18900v1,data/private/journalmix_v1/source_pdfs/compound_multi_panel/2506_18900v1.pdf,2,0,agfc,unknown,control,0.3,no_figures;page_has_no_figures,artifacts/corpus_runs/20260420_215816_journalmix_v1_arxiv32/docs/06_2506_18900v1/pages/page_002/overlay.png,artifacts/corpus_runs/20260420_215816_journalmix_v1_arxiv32/docs/06_2506_18900v1/pages/page_002/figures.json,artifacts/corpus_runs/20260420_215816_journalmix_v1_arxiv32/docs/06_2506_18900v1/pages/page_002
c_0057,06_2506_18900v1,data/private/journalmix_v1/source_pdfs/compound_multi_panel/2506_18900v1.pdf,3,1,agfc,compound_multi_panel,stress,0.65,vector=19;raster=20;high_panel_count=14;dense_page_with_caption;atoms=95;very_dense_page;atoms=95;many_panels=14,artifacts/corpus_runs/20260420_215816_journalmix_v1_arxiv32/docs/06_2506_18900v1/pages/page_003/overlay.png,artifacts/corpus_runs/20260420_215816_journalmix_v1_arxiv32/docs/06_2506_18900v1/pages/page_003/figures.json,artifacts/corpus_runs/20260420_215816_journalmix_v1_arxiv32/docs/06_2506_18900v1/pages/page_003
c_0058,06_2506_18900v1,data/private/journalmix_v1/source_pdfs/compound_multi_panel/2506_18900v1.pdf,4,0,agfc,unknown,control,0.3,no_figures;page_has_no_figures,artifacts/corpus_runs/20260420_215816_journalmix_v1_arxiv32/docs/06_2506_18900v1/pages/page_004/overlay.png,artifacts/corpus_runs/20260420_215816_journalmix_v1_arxiv32/docs/06_2506_18900v1/pages/page_004/figures.json,artifacts/corpus_runs/20260420_215816_journalmix_v1_arxiv32/docs/06_2506_18900v1/pages/page_004
c_0059,06_2506_18900v1,data/private/journalmix_v1/source_pdfs/compound_multi_panel/2506_18900v1.pdf,5,1,agfc,mixed_vector_raster,control,0.4,raster_single=1,artifacts/corpus_runs/20260420_215816_journalmix_v1_arxiv32/docs/06_2506_18900v1/pages/page_005/overlay.png,artifacts/corpus_runs/20260420_215816_journalmix_v1_arxiv32/docs/06_2506_18900v1/pages/page_005/figures.json,artifacts/corpus_runs/20260420_215816_journalmix_v1_arxiv32/docs/06_2506_18900v1/pages/page_005
c_0060,06_2506_18900v1,data/private/journalmix_v1/source_pdfs/compound_multi_panel/2506_18900v1.pdf,6,1,agfc,mixed_vector_raster,control,0.4,raster_single=1,artifacts/corpus_runs/20260420_215816_journalmix_v1_arxiv32/docs/06_2506_18900v1/pages/page_006/overlay.png,artifacts/corpus_runs/20260420_215816_journalmix_v1_arxiv32/docs/06_2506_18900v1/pages/page_006/figures.json,artifacts/corpus_runs/20260420_215816_journalmix_v1_arxiv32/docs/06_2506_18900v1/pages/page_006
c_0061,06_2506_18900v1,data/private/journalmix_v1/source_pdfs/compound_multi_panel/2506_18900v1.pdf,7,1,agfc,route_map_or_flow,control,0.6,raster_single=1;flow_keyword_detected,artifacts/corpus_runs/20260420_215816_journalmix_v1_arxiv32/docs/06_2506_18900v1/pages/page_007/overlay.png,artifacts/corpus_runs/20260420_215816_journalmix_v1_arxiv32/docs/06_2506_18900v1/pages/page_007/figures.json,artifacts/corpus_runs/20260420_215816_journalmix_v1_arxiv32/docs/06_2506_18900v1/pages/page_007
c_0062,06_2506_18900v1,data/private/journalmix_v1/source_pdfs/compound_multi_panel/2506_18900v1.pdf,8,0,agfc,unknown,control,0.3,no_figures;page_has_no_figures,artifacts/corpus_runs/20260420_215816_journalmix_v1_arxiv32/docs/06_2506_18900v1/pages/page_008/overlay.png,artifacts/corpus_runs/20260420_215816_journalmix_v1_arxiv32/docs/06_2506_18900v1/pages/page_008/figures.json,artifacts/corpus_runs/20260420_215816_journalmix_v1_arxiv32/docs/06_2506_18900v1/pages/page_008
c_0063,06_2506_18900v1,data/private/journalmix_v1/source_pdfs/compound_multi_panel/2506_18900v1.pdf,9,0,agfc,unknown,control,0.3,no_figures;page_has_no_figures,artifacts/corpus_runs/20260420_215816_journalmix_v1_arxiv32/docs/06_2506_18900v1/pages/page_009/overlay.png,artifacts/corpus_runs/20260420_215816_journalmix_v1_arxiv32/docs/06_2506_18900v1/pages/page_009/figures.json,artifacts/corpus_runs/20260420_215816_journalmix_v1_arxiv32/docs/06_2506_18900v1/pages/page_009
c_0064,06_2506_18900v1,data/private/journalmix_v1/source_pdfs/compound_multi_panel/2506_18900v1.pdf,10,0,agfc,unknown,control,0.3,no_figures;page_has_no_figures,artifacts/corpus_runs/20260420_215816_journalmix_v1_arxiv32/docs/06_2506_18900v1/pages/page_010/overlay.png,artifacts/corpus_runs/20260420_215816_journalmix_v1_arxiv32/docs/06_2506_18900v1/pages/page_010/figures.json,artifacts/corpus_runs/20260420_215816_journalmix_v1_arxiv32/docs/06_2506_18900v1/pages/page_010
c_0065,06_2506_18900v1,data/private/journalmix_v1/source_pdfs/compound_multi_panel/2506_18900v1.pdf,11,0,agfc,unknown,control,0.3,no_figures;page_has_no_figures,artifacts/corpus_runs/20260420_215816_journalmix_v1_arxiv32/docs/06_2506_18900v1/pages/page_011/overlay.png,artifacts/corpus_runs/20260420_215816_journalmix_v1_arxiv32/docs/06_2506_18900v1/pages/page_011/figures.json,artifacts/corpus_runs/20260420_215816_journalmix_v1_arxiv32/docs/06_2506_18900v1/pages/page_011
c_0066,06_2506_18900v1,data/private/journalmix_v1/source_pdfs/compound_multi_panel/2506_18900v1.pdf,12,0,agfc,unknown,control,0.3,no_figures;page_has_no_figures,artifacts/corpus_runs/20260420_215816_journalmix_v1_arxiv32/docs/06_2506_18900v1/pages/page_012/overlay.png,artifacts/corpus_runs/20260420_215816_journalmix_v1_arxiv32/docs/06_2506_18900v1/pages/page_012/figures.json,artifacts/corpus_runs/20260420_215816_journalmix_v1_arxiv32/docs/06_2506_18900v1/pages/page_012
c_0067,06_2506_18900v1,data/private/journalmix_v1/source_pdfs/compound_multi_panel/2506_18900v1.pdf,13,1,agfc,mixed_vector_raster,control,0.4,raster_single=1,artifacts/corpus_runs/20260420_215816_journalmix_v1_arxiv32/docs/06_2506_18900v1/pages/page_013/overlay.png,artifacts/corpus_runs/20260420_215816_journalmix_v1_arxiv32/docs/06_2506_18900v1/pages/page_013/figures.json,artifacts/corpus_runs/20260420_215816_journalmix_v1_arxiv32/docs/06_2506_18900v1/pages/page_013
c_0068,06_2506_18900v1,data/private/journalmix_v1/source_pdfs/compound_multi_panel/2506_18900v1.pdf,14,1,agfc,mixed_vector_raster,control,0.4,raster_single=1,artifacts/corpus_runs/20260420_215816_journalmix_v1_arxiv32/docs/06_2506_18900v1/pages/page_014/overlay.png,artifacts/corpus_runs/20260420_215816_journalmix_v1_arxiv32/docs/06_2506_18900v1/pages/page_014/figures.json,artifacts/corpus_runs/20260420_215816_journalmix_v1_arxiv32/docs/06_2506_18900v1/pages/page_014
c_0069,06_2506_18900v1,data/private/journalmix_v1/source_pdfs/compound_multi_panel/2506_18900v1.pdf,15,2,agfc,compound_multi_panel,hard,0.65,raster_multi_panel=2;figs=2;multi_figure_page=2,artifacts/corpus_runs/20260420_215816_journalmix_v1_arxiv32/docs/06_2506_18900v1/pages/page_015/overlay.png,artifacts/corpus_runs/20260420_215816_journalmix_v1_arxiv32/docs/06_2506_18900v1/pages/page_015/figures.json,artifacts/corpus_runs/20260420_215816_journalmix_v1_arxiv32/docs/06_2506_18900v1/pages/page_015
c_0070,06_2506_18900v1,data/private/journalmix_v1/source_pdfs/compound_multi_panel/2506_18900v1.pdf,16,1,agfc,vector_dominant,control,0.7,vector_only=50,artifacts/corpus_runs/20260420_215816_journalmix_v1_arxiv32/docs/06_2506_18900v1/pages/page_016/overlay.png,artifacts/corpus_runs/20260420_215816_journalmix_v1_arxiv32/docs/06_2506_18900v1/pages/page_016/figures.json,artifacts/corpus_runs/20260420_215816_journalmix_v1_arxiv32/docs/06_2506_18900v1/pages/page_016
c_0071,06_2506_18900v1,data/private/journalmix_v1/source_pdfs/compound_multi_panel/2506_18900v1.pdf,17,1,agfc,vector_dominant,control,0.7,vector_only=43,artifacts/corpus_runs/20260420_215816_journalmix_v1_arxiv32/docs/06_2506_18900v1/pages/page_017/overlay.png,artifacts/corpus_runs/20260420_215816_journalmix_v1_arxiv32/docs/06_2506_18900v1/pages/page_017/figures.json,artifacts/corpus_runs/20260420_215816_journalmix_v1_arxiv32/docs/06_2506_18900v1/pages/page_017
c_0072,06_2506_18900v1,data/private/journalmix_v1/source_pdfs/compound_multi_panel/2506_18900v1.pdf,18,1,agfc,vector_dominant,control,0.7,vector_only=46,artifacts/corpus_runs/20260420_215816_journalmix_v1_arxiv32/docs/06_2506_18900v1/pages/page_018/overlay.png,artifacts/corpus_runs/20260420_215816_journalmix_v1_arxiv32/docs/06_2506_18900v1/pages/page_018/figures.json,artifacts/corpus_runs/20260420_215816_journalmix_v1_arxiv32/docs/06_2506_18900v1/pages/page_018
c_0073,06_2506_18900v1,data/private/journalmix_v1/source_pdfs/compound_multi_panel/2506_18900v1.pdf,19,1,agfc,vector_dominant,control,0.7,vector_only=37,artifacts/corpus_runs/20260420_215816_journalmix_v1_arxiv32/docs/06_2506_18900v1/pages/page_019/overlay.png,artifacts/corpus_runs/20260420_215816_journalmix_v1_arxiv32/docs/06_2506_18900v1/pages/page_019/figures.json,artifacts/corpus_runs/20260420_215816_journalmix_v1_arxiv32/docs/06_2506_18900v1/pages/page_019
c_0074,06_2506_18900v1,data/private/journalmix_v1/source_pdfs/compound_multi_panel/2506_18900v1.pdf,20,1,agfc,vector_dominant,control,0.7,vector_only=45,artifacts/corpus_runs/20260420_215816_journalmix_v1_arxiv32/docs/06_2506_18900v1/pages/page_020/overlay.png,artifacts/corpus_runs/20260420_215816_journalmix_v1_arxiv32/docs/06_2506_18900v1/pages/page_020/figures.json,artifacts/corpus_runs/20260420_215816_journalmix_v1_arxiv32/docs/06_2506_18900v1/pages/page_020
c_0075,07_2601_00251v1,data/private/journalmix_v1/source_pdfs/compound_multi_panel/2601_00251v1.pdf,0,0,agfc,unknown,control,0.3,no_figures;page_has_no_figures,artifacts/corpus_runs/20260420_215816_journalmix_v1_arxiv32/docs/07_2601_00251v1/pages/page_000/overlay.png,artifacts/corpus_runs/20260420_215816_journalmix_v1_arxiv32/docs/07_2601_00251v1/pages/page_000/figures.json,artifacts/corpus_runs/20260420_215816_journalmix_v1_arxiv32/docs/07_2601_00251v1/pages/page_000
c_0076,07_2601_00251v1,data/private/journalmix_v1/source_pdfs/compound_multi_panel/2601_00251v1.pdf,1,0,agfc,unknown,control,0.3,no_figures;page_has_no_figures,artifacts/corpus_runs/20260420_215816_journalmix_v1_arxiv32/docs/07_2601_00251v1/pages/page_001/overlay.png,artifacts/corpus_runs/20260420_215816_journalmix_v1_arxiv32/docs/07_2601_00251v1/pages/page_001/figures.json,artifacts/corpus_runs/20260420_215816_journalmix_v1_arxiv32/docs/07_2601_00251v1/pages/page_001
c_0077,07_2601_00251v1,data/private/journalmix_v1/source_pdfs/compound_multi_panel/2601_00251v1.pdf,2,1,agfc,compound_multi_panel,stress,0.65,vector=13;raster=15;high_panel_count=11;dense_page_with_caption;atoms=41;many_panels=11,artifacts/corpus_runs/20260420_215816_journalmix_v1_arxiv32/docs/07_2601_00251v1/pages/page_002/overlay.png,artifacts/corpus_runs/20260420_215816_journalmix_v1_arxiv32/docs/07_2601_00251v1/pages/page_002/figures.json,artifacts/corpus_runs/20260420_215816_journalmix_v1_arxiv32/docs/07_2601_00251v1/pages/page_002
c_0078,07_2601_00251v1,data/private/journalmix_v1/source_pdfs/compound_multi_panel/2601_00251v1.pdf,3,1,agfc,compound_multi_panel,stress,0.65,raster_multi_panel=6;figs=1;many_panels=6,artifacts/corpus_runs/20260420_215816_journalmix_v1_arxiv32/docs/07_2601_00251v1/pages/page_003/overlay.png,artifacts/corpus_runs/20260420_215816_journalmix_v1_arxiv32/docs/07_2601_00251v1/pages/page_003/figures.json,artifacts/corpus_runs/20260420_215816_journalmix_v1_arxiv32/docs/07_2601_00251v1/pages/page_003
c_0079,07_2601_00251v1,data/private/journalmix_v1/source_pdfs/compound_multi_panel/2601_00251v1.pdf,4,1,agfc,mixed_vector_raster,control,0.4,raster_single=1,artifacts/corpus_runs/20260420_215816_journalmix_v1_arxiv32/docs/07_2601_00251v1/pages/page_004/overlay.png,artifacts/corpus_runs/20260420_215816_journalmix_v1_arxiv32/docs/07_2601_00251v1/pages/page_004/figures.json,artifacts/corpus_runs/20260420_215816_journalmix_v1_arxiv32/docs/07_2601_00251v1/pages/page_004
c_0080,07_2601_00251v1,data/private/journalmix_v1/source_pdfs/compound_multi_panel/2601_00251v1.pdf,5,1,agfc,vector_dominant,hard,0.7,vector_only=15;dense_page_with_caption;atoms=63,artifacts/corpus_runs/20260420_215816_journalmix_v1_arxiv32/docs/07_2601_00251v1/pages/page_005/overlay.png,artifacts/corpus_runs/20260420_215816_journalmix_v1_arxiv32/docs/07_2601_00251v1/pages/page_005/figures.json,artifacts/corpus_runs/20260420_215816_journalmix_v1_arxiv32/docs/07_2601_00251v1/pages/page_005
c_0081,07_2601_00251v1,data/private/journalmix_v1/source_pdfs/compound_multi_panel/2601_00251v1.pdf,6,0,agfc,unknown,control,0.3,no_figures;page_has_no_figures,artifacts/corpus_runs/20260420_215816_journalmix_v1_arxiv32/docs/07_2601_00251v1/pages/page_006/overlay.png,artifacts/corpus_runs/20260420_215816_journalmix_v1_arxiv32/docs/07_2601_00251v1/pages/page_006/figures.json,artifacts/corpus_runs/20260420_215816_journalmix_v1_arxiv32/docs/07_2601_00251v1/pages/page_006
c_0082,08_2603_25804v1,data/private/journalmix_v1/source_pdfs/compound_multi_panel/2603_25804v1.pdf,0,0,agfc,unknown,control,0.3,raster_single=1;no_figures;page_has_no_figures,artifacts/corpus_runs/20260420_215816_journalmix_v1_arxiv32/docs/08_2603_25804v1/pages/page_000/overlay.png,artifacts/corpus_runs/20260420_215816_journalmix_v1_arxiv32/docs/08_2603_25804v1/pages/page_000/figures.json,artifacts/corpus_runs/20260420_215816_journalmix_v1_arxiv32/docs/08_2603_25804v1/pages/page_000
c_0083,08_2603_25804v1,data/private/journalmix_v1/source_pdfs/compound_multi_panel/2603_25804v1.pdf,1,1,agfc,route_map_or_flow,stress,0.65,vector=8;raster=9;flow_keyword_detected;many_panels=6,artifacts/corpus_runs/20260420_215816_journalmix_v1_arxiv32/docs/08_2603_25804v1/pages/page_001/overlay.png,artifacts/corpus_runs/20260420_215816_journalmix_v1_arxiv32/docs/08_2603_25804v1/pages/page_001/figures.json,artifacts/corpus_runs/20260420_215816_journalmix_v1_arxiv32/docs/08_2603_25804v1/pages/page_001
c_0084,08_2603_25804v1,data/private/journalmix_v1/source_pdfs/compound_multi_panel/2603_25804v1.pdf,2,1,agfc,compound_multi_panel,stress,0.65,vector=13;raster=28;high_panel_count=23;dense_page_with_caption;atoms=81;very_dense_page;atoms=81;many_panels=23,artifacts/corpus_runs/20260420_215816_journalmix_v1_arxiv32/docs/08_2603_25804v1/pages/page_002/overlay.png,artifacts/corpus_runs/20260420_215816_journalmix_v1_arxiv32/docs/08_2603_25804v1/pages/page_002/figures.json,artifacts/corpus_runs/20260420_215816_journalmix_v1_arxiv32/docs/08_2603_25804v1/pages/page_002
c_0085,08_2603_25804v1,data/private/journalmix_v1/source_pdfs/compound_multi_panel/2603_25804v1.pdf,3,1,agfc,route_map_or_flow,stress,0.65,vector=6;raster=3;flow_keyword_detected;dense_page_with_caption;atoms=51;many_panels=5,artifacts/corpus_runs/20260420_215816_journalmix_v1_arxiv32/docs/08_2603_25804v1/pages/page_003/overlay.png,artifacts/corpus_runs/20260420_215816_journalmix_v1_arxiv32/docs/08_2603_25804v1/pages/page_003/figures.json,artifacts/corpus_runs/20260420_215816_journalmix_v1_arxiv32/docs/08_2603_25804v1/pages/page_003
c_0086,08_2603_25804v1,data/private/journalmix_v1/source_pdfs/compound_multi_panel/2603_25804v1.pdf,4,0,agfc,unknown,control,0.3,no_figures;page_has_no_figures,artifacts/corpus_runs/20260420_215816_journalmix_v1_arxiv32/docs/08_2603_25804v1/pages/page_004/overlay.png,artifacts/corpus_runs/20260420_215816_journalmix_v1_arxiv32/docs/08_2603_25804v1/pages/page_004/figures.json,artifacts/corpus_runs/20260420_215816_journalmix_v1_arxiv32/docs/08_2603_25804v1/pages/page_004
c_0087,08_2603_25804v1,data/private/journalmix_v1/source_pdfs/compound_multi_panel/2603_25804v1.pdf,5,2,agfc,vector_dominant,hard,0.7,vector_only=4;multi_figure_page=2,artifacts/corpus_runs/20260420_215816_journalmix_v1_arxiv32/docs/08_2603_25804v1/pages/page_005/overlay.png,artifacts/corpus_runs/20260420_215816_journalmix_v1_arxiv32/docs/08_2603_25804v1/pages/page_005/figures.json,artifacts/corpus_runs/20260420_215816_journalmix_v1_arxiv32/docs/08_2603_25804v1/pages/page_005
c_0088,08_2603_25804v1,data/private/journalmix_v1/source_pdfs/compound_multi_panel/2603_25804v1.pdf,6,1,agfc,vector_dominant,stress,0.7,vector_only=68;dense_page_with_caption;atoms=476;very_dense_page;atoms=476,artifacts/corpus_runs/20260420_215816_journalmix_v1_arxiv32/docs/08_2603_25804v1/pages/page_006/overlay.png,artifacts/corpus_runs/20260420_215816_journalmix_v1_arxiv32/docs/08_2603_25804v1/pages/page_006/figures.json,artifacts/corpus_runs/20260420_215816_journalmix_v1_arxiv32/docs/08_2603_25804v1/pages/page_006
c_0089,08_2603_25804v1,data/private/journalmix_v1/source_pdfs/compound_multi_panel/2603_25804v1.pdf,7,1,agfc,vector_dominant,stress,0.7,vector_only=69;dense_page_with_caption;atoms=180;very_dense_page;atoms=180,artifacts/corpus_runs/20260420_215816_journalmix_v1_arxiv32/docs/08_2603_25804v1/pages/page_007/overlay.png,artifacts/corpus_runs/20260420_215816_journalmix_v1_arxiv32/docs/08_2603_25804v1/pages/page_007/figures.json,artifacts/corpus_runs/20260420_215816_journalmix_v1_arxiv32/docs/08_2603_25804v1/pages/page_007
c_0090,08_2603_25804v1,data/private/journalmix_v1/source_pdfs/compound_multi_panel/2603_25804v1.pdf,8,0,agfc,unknown,control,0.3,no_figures;page_has_no_figures,artifacts/corpus_runs/20260420_215816_journalmix_v1_arxiv32/docs/08_2603_25804v1/pages/page_008/overlay.png,artifacts/corpus_runs/20260420_215816_journalmix_v1_arxiv32/docs/08_2603_25804v1/pages/page_008/figures.json,artifacts/corpus_runs/20260420_215816_journalmix_v1_arxiv32/docs/08_2603_25804v1/pages/page_008
c_0091,08_2603_25804v1,data/private/journalmix_v1/source_pdfs/compound_multi_panel/2603_25804v1.pdf,9,0,agfc,unknown,control,0.3,no_figures;page_has_no_figures,artifacts/corpus_runs/20260420_215816_journalmix_v1_arxiv32/docs/08_2603_25804v1/pages/page_009/overlay.png,artifacts/corpus_runs/20260420_215816_journalmix_v1_arxiv32/docs/08_2603_25804v1/pages/page_009/figures.json,artifacts/corpus_runs/20260420_215816_journalmix_v1_arxiv32/docs/08_2603_25804v1/pages/page_009
c_0092,08_2603_25804v1,data/private/journalmix_v1/source_pdfs/compound_multi_panel/2603_25804v1.pdf,10,0,agfc,unknown,control,0.3,no_figures;page_has_no_figures,artifacts/corpus_runs/20260420_215816_journalmix_v1_arxiv32/docs/08_2603_25804v1/pages/page_010/overlay.png,artifacts/corpus_runs/20260420_215816_journalmix_v1_arxiv32/docs/08_2603_25804v1/pages/page_010/figures.json,artifacts/corpus_runs/20260420_215816_journalmix_v1_arxiv32/docs/08_2603_25804v1/pages/page_010
c_0093,08_2603_25804v1,data/private/journalmix_v1/source_pdfs/compound_multi_panel/2603_25804v1.pdf,11,0,agfc,unknown,control,0.3,no_figures;page_has_no_figures,artifacts/corpus_runs/20260420_215816_journalmix_v1_arxiv32/docs/08_2603_25804v1/pages/page_011/overlay.png,artifacts/corpus_runs/20260420_215816_journalmix_v1_arxiv32/docs/08_2603_25804v1/pages/page_011/figures.json,artifacts/corpus_runs/20260420_215816_journalmix_v1_arxiv32/docs/08_2603_25804v1/pages/page_011
c_0094,08_2603_25804v1,data/private/journalmix_v1/source_pdfs/compound_multi_panel/2603_25804v1.pdf,12,0,agfc,unknown,control,0.3,no_figures;page_has_no_figures,artifacts/corpus_runs/20260420_215816_journalmix_v1_arxiv32/docs/08_2603_25804v1/pages/page_012/overlay.png,artifacts/corpus_runs/20260420_215816_journalmix_v1_arxiv32/docs/08_2603_25804v1/pages/page_012/figures.json,artifacts/corpus_runs/20260420_215816_journalmix_v1_arxiv32/docs/08_2603_25804v1/pages/page_012
c_0095,08_2603_25804v1,data/private/journalmix_v1/source_pdfs/compound_multi_panel/2603_25804v1.pdf,13,0,agfc,unknown,control,0.3,no_figures;page_has_no_figures,artifacts/corpus_runs/20260420_215816_journalmix_v1_arxiv32/docs/08_2603_25804v1/pages/page_013/overlay.png,artifacts/corpus_runs/20260420_215816_journalmix_v1_arxiv32/docs/08_2603_25804v1/pages/page_013/figures.json,artifacts/corpus_runs/20260420_215816_journalmix_v1_arxiv32/docs/08_2603_25804v1/pages/page_013
c_0096,08_2603_25804v1,data/private/journalmix_v1/source_pdfs/compound_multi_panel/2603_25804v1.pdf,14,0,agfc,unknown,control,0.3,no_figures;page_has_no_figures,artifacts/corpus_runs/20260420_215816_journalmix_v1_arxiv32/docs/08_2603_25804v1/pages/page_014/overlay.png,artifacts/corpus_runs/20260420_215816_journalmix_v1_arxiv32/docs/08_2603_25804v1/pages/page_014/figures.json,artifacts/corpus_runs/20260420_215816_journalmix_v1_arxiv32/docs/08_2603_25804v1/pages/page_014
c_0097,08_2603_25804v1,data/private/journalmix_v1/source_pdfs/compound_multi_panel/2603_25804v1.pdf,15,0,agfc,unknown,control,0.3,no_figures;page_has_no_figures,artifacts/corpus_runs/20260420_215816_journalmix_v1_arxiv32/docs/08_2603_25804v1/pages/page_015/overlay.png,artifacts/corpus_runs/20260420_215816_journalmix_v1_arxiv32/docs/08_2603_25804v1/pages/page_015/figures.json,artifacts/corpus_runs/20260420_215816_journalmix_v1_arxiv32/docs/08_2603_25804v1/pages/page_015
c_0098,08_2603_25804v1,data/private/journalmix_v1/source_pdfs/compound_multi_panel/2603_25804v1.pdf,16,0,agfc,unknown,control,0.3,no_figures;page_has_no_figures,artifacts/corpus_runs/20260420_215816_journalmix_v1_arxiv32/docs/08_2603_25804v1/pages/page_016/overlay.png,artifacts/corpus_runs/20260420_215816_journalmix_v1_arxiv32/docs/08_2603_25804v1/pages/page_016/figures.json,artifacts/corpus_runs/20260420_215816_journalmix_v1_arxiv32/docs/08_2603_25804v1/pages/page_016
c_0099,08_2603_25804v1,data/private/journalmix_v1/source_pdfs/compound_multi_panel/2603_25804v1.pdf,17,0,agfc,unknown,control,0.3,no_figures;page_has_no_figures,artifacts/corpus_runs/20260420_215816_journalmix_v1_arxiv32/docs/08_2603_25804v1/pages/page_017/overlay.png,artifacts/corpus_runs/20260420_215816_journalmix_v1_arxiv32/docs/08_2603_25804v1/pages/page_017/figures.json,artifacts/corpus_runs/20260420_215816_journalmix_v1_arxiv32/docs/08_2603_25804v1/pages/page_017
c_0100,08_2603_25804v1,data/private/journalmix_v1/source_pdfs/compound_multi_panel/2603_25804v1.pdf,18,1,agfc,vector_dominant,control,0.7,vector_only=9,artifacts/corpus_runs/20260420_215816_journalmix_v1_arxiv32/docs/08_2603_25804v1/pages/page_018/overlay.png,artifacts/corpus_runs/20260420_215816_journalmix_v1_arxiv32/docs/08_2603_25804v1/pages/page_018/figures.json,artifacts/corpus_runs/20260420_215816_journalmix_v1_arxiv32/docs/08_2603_25804v1/pages/page_018
c_0101,08_2603_25804v1,data/private/journalmix_v1/source_pdfs/compound_multi_panel/2603_25804v1.pdf,19,1,agfc,vector_dominant,control,0.7,vector_only=6,artifacts/corpus_runs/20260420_215816_journalmix_v1_arxiv32/docs/08_2603_25804v1/pages/page_019/overlay.png,artifacts/corpus_runs/20260420_215816_journalmix_v1_arxiv32/docs/08_2603_25804v1/pages/page_019/figures.json,artifacts/corpus_runs/20260420_215816_journalmix_v1_arxiv32/docs/08_2603_25804v1/pages/page_019
c_0102,08_2603_25804v1,data/private/journalmix_v1/source_pdfs/compound_multi_panel/2603_25804v1.pdf,20,1,agfc,vector_dominant,control,0.7,vector_only=4,artifacts/corpus_runs/20260420_215816_journalmix_v1_arxiv32/docs/08_2603_25804v1/pages/page_020/overlay.png,artifacts/corpus_runs/20260420_215816_journalmix_v1_arxiv32/docs/08_2603_25804v1/pages/page_020/figures.json,artifacts/corpus_runs/20260420_215816_journalmix_v1_arxiv32/docs/08_2603_25804v1/pages/page_020
c_0103,08_2603_25804v1,data/private/journalmix_v1/source_pdfs/compound_multi_panel/2603_25804v1.pdf,21,1,agfc,vector_dominant,control,0.7,vector_only=9,artifacts/corpus_runs/20260420_215816_journalmix_v1_arxiv32/docs/08_2603_25804v1/pages/page_021/overlay.png,artifacts/corpus_runs/20260420_215816_journalmix_v1_arxiv32/docs/08_2603_25804v1/pages/page_021/figures.json,artifacts/corpus_runs/20260420_215816_journalmix_v1_arxiv32/docs/08_2603_25804v1/pages/page_021
c_0104,08_2603_25804v1,data/private/journalmix_v1/source_pdfs/compound_multi_panel/2603_25804v1.pdf,22,1,agfc,vector_dominant,control,0.7,vector_only=5,artifacts/corpus_runs/20260420_215816_journalmix_v1_arxiv32/docs/08_2603_25804v1/pages/page_022/overlay.png,artifacts/corpus_runs/20260420_215816_journalmix_v1_arxiv32/docs/08_2603_25804v1/pages/page_022/figures.json,artifacts/corpus_runs/20260420_215816_journalmix_v1_arxiv32/docs/08_2603_25804v1/pages/page_022
c_0105,08_2603_25804v1,data/private/journalmix_v1/source_pdfs/compound_multi_panel/2603_25804v1.pdf,23,1,agfc,vector_dominant,control,0.7,vector_only=8,artifacts/corpus_runs/20260420_215816_journalmix_v1_arxiv32/docs/08_2603_25804v1/pages/page_023/overlay.png,artifacts/corpus_runs/20260420_215816_journalmix_v1_arxiv32/docs/08_2603_25804v1/pages/page_023/figures.json,artifacts/corpus_runs/20260420_215816_journalmix_v1_arxiv32/docs/08_2603_25804v1/pages/page_023
c_0106,08_2603_25804v1,data/private/journalmix_v1/source_pdfs/compound_multi_panel/2603_25804v1.pdf,24,1,agfc,vector_dominant,control,0.7,vector_only=4,artifacts/corpus_runs/20260420_215816_journalmix_v1_arxiv32/docs/08_2603_25804v1/pages/page_024/overlay.png,artifacts/corpus_runs/20260420_215816_journalmix_v1_arxiv32/docs/08_2603_25804v1/pages/page_024/figures.json,artifacts/corpus_runs/20260420_215816_journalmix_v1_arxiv32/docs/08_2603_25804v1/pages/page_024
c_0107,08_2603_25804v1,data/private/journalmix_v1/source_pdfs/compound_multi_panel/2603_25804v1.pdf,25,1,agfc,vector_dominant,control,0.7,vector_only=5,artifacts/corpus_runs/20260420_215816_journalmix_v1_arxiv32/docs/08_2603_25804v1/pages/page_025/overlay.png,artifacts/corpus_runs/20260420_215816_journalmix_v1_arxiv32/docs/08_2603_25804v1/pages/page_025/figures.json,artifacts/corpus_runs/20260420_215816_journalmix_v1_arxiv32/docs/08_2603_25804v1/pages/page_025
c_0108,08_2603_25804v1,data/private/journalmix_v1/source_pdfs/compound_multi_panel/2603_25804v1.pdf,26,1,agfc,vector_dominant,control,0.7,vector_only=6,artifacts/corpus_runs/20260420_215816_journalmix_v1_arxiv32/docs/08_2603_25804v1/pages/page_026/overlay.png,artifacts/corpus_runs/20260420_215816_journalmix_v1_arxiv32/docs/08_2603_25804v1/pages/page_026/figures.json,artifacts/corpus_runs/20260420_215816_journalmix_v1_arxiv32/docs/08_2603_25804v1/pages/page_026
c_0109,08_2603_25804v1,data/private/journalmix_v1/source_pdfs/compound_multi_panel/2603_25804v1.pdf,27,1,agfc,vector_dominant,control,0.7,vector_only=8,artifacts/corpus_runs/20260420_215816_journalmix_v1_arxiv32/docs/08_2603_25804v1/pages/page_027/overlay.png,artifacts/corpus_runs/20260420_215816_journalmix_v1_arxiv32/docs/08_2603_25804v1/pages/page_027/figures.json,artifacts/corpus_runs/20260420_215816_journalmix_v1_arxiv32/docs/08_2603_25804v1/pages/page_027
c_0110,08_2603_25804v1,data/private/journalmix_v1/source_pdfs/compound_multi_panel/2603_25804v1.pdf,28,1,agfc,vector_dominant,control,0.7,vector_only=5,artifacts/corpus_runs/20260420_215816_journalmix_v1_arxiv32/docs/08_2603_25804v1/pages/page_028/overlay.png,artifacts/corpus_runs/20260420_215816_journalmix_v1_arxiv32/docs/08_2603_25804v1/pages/page_028/figures.json,artifacts/corpus_runs/20260420_215816_journalmix_v1_arxiv32/docs/08_2603_25804v1/pages/page_028
c_0111,08_2603_25804v1,data/private/journalmix_v1/source_pdfs/compound_multi_panel/2603_25804v1.pdf,29,1,agfc,vector_dominant,control,0.7,vector_only=5,artifacts/corpus_runs/20260420_215816_journalmix_v1_arxiv32/docs/08_2603_25804v1/pages/page_029/overlay.png,artifacts/corpus_runs/20260420_215816_journalmix_v1_arxiv32/docs/08_2603_25804v1/pages/page_029/figures.json,artifacts/corpus_runs/20260420_215816_journalmix_v1_arxiv32/docs/08_2603_25804v1/pages/page_029
c_0112,08_2603_25804v1,data/private/journalmix_v1/source_pdfs/compound_multi_panel/2603_25804v1.pdf,30,1,agfc,vector_dominant,control,0.7,vector_only=5,artifacts/corpus_runs/20260420_215816_journalmix_v1_arxiv32/docs/08_2603_25804v1/pages/page_030/overlay.png,artifacts/corpus_runs/20260420_215816_journalmix_v1_arxiv32/docs/08_2603_25804v1/pages/page_030/figures.json,artifacts/corpus_runs/20260420_215816_journalmix_v1_arxiv32/docs/08_2603_25804v1/pages/page_030
c_0113,08_2603_25804v1,data/private/journalmix_v1/source_pdfs/compound_multi_panel/2603_25804v1.pdf,31,1,agfc,vector_dominant,control,0.7,vector_only=6,artifacts/corpus_runs/20260420_215816_journalmix_v1_arxiv32/docs/08_2603_25804v1/pages/page_031/overlay.png,artifacts/corpus_runs/20260420_215816_journalmix_v1_arxiv32/docs/08_2603_25804v1/pages/page_031/figures.json,artifacts/corpus_runs/20260420_215816_journalmix_v1_arxiv32/docs/08_2603_25804v1/pages/page_031
c_0114,08_2603_25804v1,data/private/journalmix_v1/source_pdfs/compound_multi_panel/2603_25804v1.pdf,32,1,agfc,vector_dominant,control,0.7,vector_only=4,artifacts/corpus_runs/20260420_215816_journalmix_v1_arxiv32/docs/08_2603_25804v1/pages/page_032/overlay.png,artifacts/corpus_runs/20260420_215816_journalmix_v1_arxiv32/docs/08_2603_25804v1/pages/page_032/figures.json,artifacts/corpus_runs/20260420_215816_journalmix_v1_arxiv32/docs/08_2603_25804v1/pages/page_032
c_0115,08_2603_25804v1,data/private/journalmix_v1/source_pdfs/compound_multi_panel/2603_25804v1.pdf,33,1,agfc,compound_multi_panel,control,0.65,vector=3;raster=7;high_panel_count=4,artifacts/corpus_runs/20260420_215816_journalmix_v1_arxiv32/docs/08_2603_25804v1/pages/page_033/overlay.png,artifacts/corpus_runs/20260420_215816_journalmix_v1_arxiv32/docs/08_2603_25804v1/pages/page_033/figures.json,artifacts/corpus_runs/20260420_215816_journalmix_v1_arxiv32/docs/08_2603_25804v1/pages/page_033
c_0116,08_2603_25804v1,data/private/journalmix_v1/source_pdfs/compound_multi_panel/2603_25804v1.pdf,34,1,agfc,compound_multi_panel,control,0.65,vector=3;raster=7;high_panel_count=4,artifacts/corpus_runs/20260420_215816_journalmix_v1_arxiv32/docs/08_2603_25804v1/pages/page_034/overlay.png,artifacts/corpus_runs/20260420_215816_journalmix_v1_arxiv32/docs/08_2603_25804v1/pages/page_034/figures.json,artifacts/corpus_runs/20260420_215816_journalmix_v1_arxiv32/docs/08_2603_25804v1/pages/page_034
c_0117,08_2603_25804v1,data/private/journalmix_v1/source_pdfs/compound_multi_panel/2603_25804v1.pdf,35,1,agfc,compound_multi_panel,control,0.65,vector=3;raster=7;high_panel_count=4,artifacts/corpus_runs/20260420_215816_journalmix_v1_arxiv32/docs/08_2603_25804v1/pages/page_035/overlay.png,artifacts/corpus_runs/20260420_215816_journalmix_v1_arxiv32/docs/08_2603_25804v1/pages/page_035/figures.json,artifacts/corpus_runs/20260420_215816_journalmix_v1_arxiv32/docs/08_2603_25804v1/pages/page_035
c_0118,08_2603_25804v1,data/private/journalmix_v1/source_pdfs/compound_multi_panel/2603_25804v1.pdf,36,1,agfc,compound_multi_panel,control,0.65,vector=3;raster=7;high_panel_count=4,artifacts/corpus_runs/20260420_215816_journalmix_v1_arxiv32/docs/08_2603_25804v1/pages/page_036/overlay.png,artifacts/corpus_runs/20260420_215816_journalmix_v1_arxiv32/docs/08_2603_25804v1/pages/page_036/figures.json,artifacts/corpus_runs/20260420_215816_journalmix_v1_arxiv32/docs/08_2603_25804v1/pages/page_036
c_0119,09_1604_06646v1,data/private/journalmix_v1/source_pdfs/mixed_vector_raster/1604_06646v1.pdf,0,1,agfc,route_map_or_flow,stress,0.65,vector=3;raster=8;flow_keyword_detected;many_panels=6,artifacts/corpus_runs/20260420_215816_journalmix_v1_arxiv32/docs/09_1604_06646v1/pages/page_000/overlay.png,artifacts/corpus_runs/20260420_215816_journalmix_v1_arxiv32/docs/09_1604_06646v1/pages/page_000/figures.json,artifacts/corpus_runs/20260420_215816_journalmix_v1_arxiv32/docs/09_1604_06646v1/pages/page_000
c_0120,09_1604_06646v1,data/private/journalmix_v1/source_pdfs/mixed_vector_raster/1604_06646v1.pdf,1,1,agfc,route_map_or_flow,control,0.65,vector=5;raster=6;flow_keyword_detected,artifacts/corpus_runs/20260420_215816_journalmix_v1_arxiv32/docs/09_1604_06646v1/pages/page_001/overlay.png,artifacts/corpus_runs/20260420_215816_journalmix_v1_arxiv32/docs/09_1604_06646v1/pages/page_001/figures.json,artifacts/corpus_runs/20260420_215816_journalmix_v1_arxiv32/docs/09_1604_06646v1/pages/page_001
c_0121,09_1604_06646v1,data/private/journalmix_v1/source_pdfs/mixed_vector_raster/1604_06646v1.pdf,2,1,agfc,route_map_or_flow,stress,0.65,raster_multi_panel=5;figs=1;flow_keyword_detected;many_panels=5,artifacts/corpus_runs/20260420_215816_journalmix_v1_arxiv32/docs/09_1604_06646v1/pages/page_002/overlay.png,artifacts/corpus_runs/20260420_215816_journalmix_v1_arxiv32/docs/09_1604_06646v1/pages/page_002/figures.json,artifacts/corpus_runs/20260420_215816_journalmix_v1_arxiv32/docs/09_1604_06646v1/pages/page_002
c_0122,09_1604_06646v1,data/private/journalmix_v1/source_pdfs/mixed_vector_raster/1604_06646v1.pdf,3,1,agfc,route_map_or_flow,control,0.6,raster_single=1;flow_keyword_detected,artifacts/corpus_runs/20260420_215816_journalmix_v1_arxiv32/docs/09_1604_06646v1/pages/page_003/overlay.png,artifacts/corpus_runs/20260420_215816_journalmix_v1_arxiv32/docs/09_1604_06646v1/pages/page_003/figures.json,artifacts/corpus_runs/20260420_215816_journalmix_v1_arxiv32/docs/09_1604_06646v1/pages/page_003
c_0123,09_1604_06646v1,data/private/journalmix_v1/source_pdfs/mixed_vector_raster/1604_06646v1.pdf,4,0,agfc,unknown,control,0.3,no_figures;page_has_no_figures,artifacts/corpus_runs/20260420_215816_journalmix_v1_arxiv32/docs/09_1604_06646v1/pages/page_004/overlay.png,artifacts/corpus_runs/20260420_215816_journalmix_v1_arxiv32/docs/09_1604_06646v1/pages/page_004/figures.json,artifacts/corpus_runs/20260420_215816_journalmix_v1_arxiv32/docs/09_1604_06646v1/pages/page_004
c_0124,09_1604_06646v1,data/private/journalmix_v1/source_pdfs/mixed_vector_raster/1604_06646v1.pdf,5,1,agfc,vector_dominant,control,0.7,vector_only=3,artifacts/corpus_runs/20260420_215816_journalmix_v1_arxiv32/docs/09_1604_06646v1/pages/page_005/overlay.png,artifacts/corpus_runs/20260420_215816_journalmix_v1_arxiv32/docs/09_1604_06646v1/pages/page_005/figures.json,artifacts/corpus_runs/20260420_215816_journalmix_v1_arxiv32/docs/09_1604_06646v1/pages/page_005
c_0125,09_1604_06646v1,data/private/journalmix_v1/source_pdfs/mixed_vector_raster/1604_06646v1.pdf,6,1,agfc,route_map_or_flow,stress,0.7,vector_only=10;flow_keyword_detected;dense_page_with_caption;atoms=69;many_panels=7,artifacts/corpus_runs/20260420_215816_journalmix_v1_arxiv32/docs/09_1604_06646v1/pages/page_006/overlay.png,artifacts/corpus_runs/20260420_215816_journalmix_v1_arxiv32/docs/09_1604_06646v1/pages/page_006/figures.json,artifacts/corpus_runs/20260420_215816_journalmix_v1_arxiv32/docs/09_1604_06646v1/pages/page_006
c_0126,09_1604_06646v1,data/private/journalmix_v1/source_pdfs/mixed_vector_raster/1604_06646v1.pdf,7,0,agfc,unknown,control,0.3,no_figures;page_has_no_figures,artifacts/corpus_runs/20260420_215816_journalmix_v1_arxiv32/docs/09_1604_06646v1/pages/page_007/overlay.png,artifacts/corpus_runs/20260420_215816_journalmix_v1_arxiv32/docs/09_1604_06646v1/pages/page_007/figures.json,artifacts/corpus_runs/20260420_215816_journalmix_v1_arxiv32/docs/09_1604_06646v1/pages/page_007
c_0127,09_1604_06646v1,data/private/journalmix_v1/source_pdfs/mixed_vector_raster/1604_06646v1.pdf,8,0,agfc,unknown,control,0.3,no_figures;page_has_no_figures,artifacts/corpus_runs/20260420_215816_journalmix_v1_arxiv32/docs/09_1604_06646v1/pages/page_008/overlay.png,artifacts/corpus_runs/20260420_215816_journalmix_v1_arxiv32/docs/09_1604_06646v1/pages/page_008/figures.json,artifacts/corpus_runs/20260420_215816_journalmix_v1_arxiv32/docs/09_1604_06646v1/pages/page_008
c_0128,09_1604_06646v1,data/private/journalmix_v1/source_pdfs/mixed_vector_raster/1604_06646v1.pdf,9,0,agfc,unknown,control,0.3,no_figures;page_has_no_figures,artifacts/corpus_runs/20260420_215816_journalmix_v1_arxiv32/docs/09_1604_06646v1/pages/page_009/overlay.png,artifacts/corpus_runs/20260420_215816_journalmix_v1_arxiv32/docs/09_1604_06646v1/pages/page_009/figures.json,artifacts/corpus_runs/20260420_215816_journalmix_v1_arxiv32/docs/09_1604_06646v1/pages/page_009
c_0129,09_1604_06646v1,data/private/journalmix_v1/source_pdfs/mixed_vector_raster/1604_06646v1.pdf,10,1,agfc,mixed_vector_raster,control,0.4,raster_single=9,artifacts/corpus_runs/20260420_215816_journalmix_v1_arxiv32/docs/09_1604_06646v1/pages/page_010/overlay.png,artifacts/corpus_runs/20260420_215816_journalmix_v1_arxiv32/docs/09_1604_06646v1/pages/page_010/figures.json,artifacts/corpus_runs/20260420_215816_journalmix_v1_arxiv32/docs/09_1604_06646v1/pages/page_010
c_0130,09_1604_06646v1,data/private/journalmix_v1/source_pdfs/mixed_vector_raster/1604_06646v1.pdf,11,2,agfc,compound_multi_panel,hard,0.65,raster_multi_panel=3;figs=2;multi_figure_page=2,artifacts/corpus_runs/20260420_215816_journalmix_v1_arxiv32/docs/09_1604_06646v1/pages/page_011/overlay.png,artifacts/corpus_runs/20260420_215816_journalmix_v1_arxiv32/docs/09_1604_06646v1/pages/page_011/figures.json,artifacts/corpus_runs/20260420_215816_journalmix_v1_arxiv32/docs/09_1604_06646v1/pages/page_011
c_0131,09_1604_06646v1,data/private/journalmix_v1/source_pdfs/mixed_vector_raster/1604_06646v1.pdf,12,1,agfc,mixed_vector_raster,control,0.4,raster_single=15,artifacts/corpus_runs/20260420_215816_journalmix_v1_arxiv32/docs/09_1604_06646v1/pages/page_012/overlay.png,artifacts/corpus_runs/20260420_215816_journalmix_v1_arxiv32/docs/09_1604_06646v1/pages/page_012/figures.json,artifacts/corpus_runs/20260420_215816_journalmix_v1_arxiv32/docs/09_1604_06646v1/pages/page_012
c_0132,09_1604_06646v1,data/private/journalmix_v1/source_pdfs/mixed_vector_raster/1604_06646v1.pdf,13,2,agfc,compound_multi_panel,stress,0.65,raster_multi_panel=14;figs=2;multi_figure_page=2;many_panels=14,artifacts/corpus_runs/20260420_215816_journalmix_v1_arxiv32/docs/09_1604_06646v1/pages/page_013/overlay.png,artifacts/corpus_runs/20260420_215816_journalmix_v1_arxiv32/docs/09_1604_06646v1/pages/page_013/figures.json,artifacts/corpus_runs/20260420_215816_journalmix_v1_arxiv32/docs/09_1604_06646v1/pages/page_013
c_0133,10_2010_09525v1,data/private/journalmix_v1/source_pdfs/mixed_vector_raster/2010_09525v1.pdf,0,0,agfc,unknown,control,0.3,no_figures;page_has_no_figures,artifacts/corpus_runs/20260420_215816_journalmix_v1_arxiv32/docs/10_2010_09525v1/pages/page_000/overlay.png,artifacts/corpus_runs/20260420_215816_journalmix_v1_arxiv32/docs/10_2010_09525v1/pages/page_000/figures.json,artifacts/corpus_runs/20260420_215816_journalmix_v1_arxiv32/docs/10_2010_09525v1/pages/page_000
c_0134,10_2010_09525v1,data/private/journalmix_v1/source_pdfs/mixed_vector_raster/2010_09525v1.pdf,1,1,agfc,mixed_vector_raster,control,0.4,raster_single=1,artifacts/corpus_runs/20260420_215816_journalmix_v1_arxiv32/docs/10_2010_09525v1/pages/page_001/overlay.png,artifacts/corpus_runs/20260420_215816_journalmix_v1_arxiv32/docs/10_2010_09525v1/pages/page_001/figures.json,artifacts/corpus_runs/20260420_215816_journalmix_v1_arxiv32/docs/10_2010_09525v1/pages/page_001
c_0135,10_2010_09525v1,data/private/journalmix_v1/source_pdfs/mixed_vector_raster/2010_09525v1.pdf,2,0,agfc,unknown,control,0.3,no_figures;page_has_no_figures,artifacts/corpus_runs/20260420_215816_journalmix_v1_arxiv32/docs/10_2010_09525v1/pages/page_002/overlay.png,artifacts/corpus_runs/20260420_215816_journalmix_v1_arxiv32/docs/10_2010_09525v1/pages/page_002/figures.json,artifacts/corpus_runs/20260420_215816_journalmix_v1_arxiv32/docs/10_2010_09525v1/pages/page_002
c_0136,10_2010_09525v1,data/private/journalmix_v1/source_pdfs/mixed_vector_raster/2010_09525v1.pdf,3,2,agfc,compound_multi_panel,hard,0.65,raster_multi_panel=2;figs=2;multi_figure_page=2,artifacts/corpus_runs/20260420_215816_journalmix_v1_arxiv32/docs/10_2010_09525v1/pages/page_003/overlay.png,artifacts/corpus_runs/20260420_215816_journalmix_v1_arxiv32/docs/10_2010_09525v1/pages/page_003/figures.json,artifacts/corpus_runs/20260420_215816_journalmix_v1_arxiv32/docs/10_2010_09525v1/pages/page_003
c_0137,10_2010_09525v1,data/private/journalmix_v1/source_pdfs/mixed_vector_raster/2010_09525v1.pdf,4,2,agfc,compound_multi_panel,hard,0.65,raster_multi_panel=3;figs=2;multi_figure_page=2,artifacts/corpus_runs/20260420_215816_journalmix_v1_arxiv32/docs/10_2010_09525v1/pages/page_004/overlay.png,artifacts/corpus_runs/20260420_215816_journalmix_v1_arxiv32/docs/10_2010_09525v1/pages/page_004/figures.json,artifacts/corpus_runs/20260420_215816_journalmix_v1_arxiv32/docs/10_2010_09525v1/pages/page_004
c_0138,10_2010_09525v1,data/private/journalmix_v1/source_pdfs/mixed_vector_raster/2010_09525v1.pdf,5,2,agfc,compound_multi_panel,hard,0.65,raster_multi_panel=2;figs=2;multi_figure_page=2,artifacts/corpus_runs/20260420_215816_journalmix_v1_arxiv32/docs/10_2010_09525v1/pages/page_005/overlay.png,artifacts/corpus_runs/20260420_215816_journalmix_v1_arxiv32/docs/10_2010_09525v1/pages/page_005/figures.json,artifacts/corpus_runs/20260420_215816_journalmix_v1_arxiv32/docs/10_2010_09525v1/pages/page_005
c_0139,10_2010_09525v1,data/private/journalmix_v1/source_pdfs/mixed_vector_raster/2010_09525v1.pdf,6,0,agfc,unknown,control,0.3,no_figures;page_has_no_figures,artifacts/corpus_runs/20260420_215816_journalmix_v1_arxiv32/docs/10_2010_09525v1/pages/page_006/overlay.png,artifacts/corpus_runs/20260420_215816_journalmix_v1_arxiv32/docs/10_2010_09525v1/pages/page_006/figures.json,artifacts/corpus_runs/20260420_215816_journalmix_v1_arxiv32/docs/10_2010_09525v1/pages/page_006
c_0140,10_2010_09525v1,data/private/journalmix_v1/source_pdfs/mixed_vector_raster/2010_09525v1.pdf,7,0,agfc,unknown,control,0.3,no_figures;page_has_no_figures,artifacts/corpus_runs/20260420_215816_journalmix_v1_arxiv32/docs/10_2010_09525v1/pages/page_007/overlay.png,artifacts/corpus_runs/20260420_215816_journalmix_v1_arxiv32/docs/10_2010_09525v1/pages/page_007/figures.json,artifacts/corpus_runs/20260420_215816_journalmix_v1_arxiv32/docs/10_2010_09525v1/pages/page_007
c_0141,10_2010_09525v1,data/private/journalmix_v1/source_pdfs/mixed_vector_raster/2010_09525v1.pdf,8,2,agfc,compound_multi_panel,hard,0.65,raster_multi_panel=2;figs=2;multi_figure_page=2,artifacts/corpus_runs/20260420_215816_journalmix_v1_arxiv32/docs/10_2010_09525v1/pages/page_008/overlay.png,artifacts/corpus_runs/20260420_215816_journalmix_v1_arxiv32/docs/10_2010_09525v1/pages/page_008/figures.json,artifacts/corpus_runs/20260420_215816_journalmix_v1_arxiv32/docs/10_2010_09525v1/pages/page_008
c_0142,10_2010_09525v1,data/private/journalmix_v1/source_pdfs/mixed_vector_raster/2010_09525v1.pdf,9,0,agfc,unknown,control,0.3,no_figures;page_has_no_figures,artifacts/corpus_runs/20260420_215816_journalmix_v1_arxiv32/docs/10_2010_09525v1/pages/page_009/overlay.png,artifacts/corpus_runs/20260420_215816_journalmix_v1_arxiv32/docs/10_2010_09525v1/pages/page_009/figures.json,artifacts/corpus_runs/20260420_215816_journalmix_v1_arxiv32/docs/10_2010_09525v1/pages/page_009
c_0143,11_2312_00784v2,data/private/journalmix_v1/source_pdfs/mixed_vector_raster/2312_00784v2.pdf,0,1,agfc,compound_multi_panel,stress,0.65,vector=6;raster=7;high_panel_count=5;many_panels=5,artifacts/corpus_runs/20260420_215816_journalmix_v1_arxiv32/docs/11_2312_00784v2/pages/page_000/overlay.png,artifacts/corpus_runs/20260420_215816_journalmix_v1_arxiv32/docs/11_2312_00784v2/pages/page_000/figures.json,artifacts/corpus_runs/20260420_215816_journalmix_v1_arxiv32/docs/11_2312_00784v2/pages/page_000
c_0144,11_2312_00784v2,data/private/journalmix_v1/source_pdfs/mixed_vector_raster/2312_00784v2.pdf,1,0,agfc,unknown,control,0.3,no_figures;page_has_no_figures,artifacts/corpus_runs/20260420_215816_journalmix_v1_arxiv32/docs/11_2312_00784v2/pages/page_001/overlay.png,artifacts/corpus_runs/20260420_215816_journalmix_v1_arxiv32/docs/11_2312_00784v2/pages/page_001/figures.json,artifacts/corpus_runs/20260420_215816_journalmix_v1_arxiv32/docs/11_2312_00784v2/pages/page_001
c_0145,11_2312_00784v2,data/private/journalmix_v1/source_pdfs/mixed_vector_raster/2312_00784v2.pdf,2,1,agfc,compound_multi_panel,stress,0.65,vector=7;raster=7;high_panel_count=8;many_panels=8,artifacts/corpus_runs/20260420_215816_journalmix_v1_arxiv32/docs/11_2312_00784v2/pages/page_002/overlay.png,artifacts/corpus_runs/20260420_215816_journalmix_v1_arxiv32/docs/11_2312_00784v2/pages/page_002/figures.json,artifacts/corpus_runs/20260420_215816_journalmix_v1_arxiv32/docs/11_2312_00784v2/pages/page_002
c_0146,11_2312_00784v2,data/private/journalmix_v1/source_pdfs/mixed_vector_raster/2312_00784v2.pdf,3,1,agfc,compound_multi_panel,stress,0.65,raster_multi_panel=5;figs=1;many_panels=5,artifacts/corpus_runs/20260420_215816_journalmix_v1_arxiv32/docs/11_2312_00784v2/pages/page_003/overlay.png,artifacts/corpus_runs/20260420_215816_journalmix_v1_arxiv32/docs/11_2312_00784v2/pages/page_003/figures.json,artifacts/corpus_runs/20260420_215816_journalmix_v1_arxiv32/docs/11_2312_00784v2/pages/page_003
c_0147,11_2312_00784v2,data/private/journalmix_v1/source_pdfs/mixed_vector_raster/2312_00784v2.pdf,4,0,agfc,unknown,control,0.3,no_figures;page_has_no_figures,artifacts/corpus_runs/20260420_215816_journalmix_v1_arxiv32/docs/11_2312_00784v2/pages/page_004/overlay.png,artifacts/corpus_runs/20260420_215816_journalmix_v1_arxiv32/docs/11_2312_00784v2/pages/page_004/figures.json,artifacts/corpus_runs/20260420_215816_journalmix_v1_arxiv32/docs/11_2312_00784v2/pages/page_004
c_0148,11_2312_00784v2,data/private/journalmix_v1/source_pdfs/mixed_vector_raster/2312_00784v2.pdf,5,1,agfc,compound_multi_panel,stress,0.65,vector=6;raster=9;high_panel_count=7;many_panels=7,artifacts/corpus_runs/20260420_215816_journalmix_v1_arxiv32/docs/11_2312_00784v2/pages/page_005/overlay.png,artifacts/corpus_runs/20260420_215816_journalmix_v1_arxiv32/docs/11_2312_00784v2/pages/page_005/figures.json,artifacts/corpus_runs/20260420_215816_journalmix_v1_arxiv32/docs/11_2312_00784v2/pages/page_005
c_0149,11_2312_00784v2,data/private/journalmix_v1/source_pdfs/mixed_vector_raster/2312_00784v2.pdf,6,1,agfc,compound_multi_panel,stress,0.65,vector=2;raster=7;high_panel_count=6;many_panels=6,artifacts/corpus_runs/20260420_215816_journalmix_v1_arxiv32/docs/11_2312_00784v2/pages/page_006/overlay.png,artifacts/corpus_runs/20260420_215816_journalmix_v1_arxiv32/docs/11_2312_00784v2/pages/page_006/figures.json,artifacts/corpus_runs/20260420_215816_journalmix_v1_arxiv32/docs/11_2312_00784v2/pages/page_006
c_0150,11_2312_00784v2,data/private/journalmix_v1/source_pdfs/mixed_vector_raster/2312_00784v2.pdf,7,2,agfc,mixed_vector_raster,hard,0.65,vector=1;raster=1;multi_figure_page=2,artifacts/corpus_runs/20260420_215816_journalmix_v1_arxiv32/docs/11_2312_00784v2/pages/page_007/overlay.png,artifacts/corpus_runs/20260420_215816_journalmix_v1_arxiv32/docs/11_2312_00784v2/pages/page_007/figures.json,artifacts/corpus_runs/20260420_215816_journalmix_v1_arxiv32/docs/11_2312_00784v2/pages/page_007
c_0151,11_2312_00784v2,data/private/journalmix_v1/source_pdfs/mixed_vector_raster/2312_00784v2.pdf,8,0,agfc,unknown,control,0.3,no_figures;page_has_no_figures,artifacts/corpus_runs/20260420_215816_journalmix_v1_arxiv32/docs/11_2312_00784v2/pages/page_008/overlay.png,artifacts/corpus_runs/20260420_215816_journalmix_v1_arxiv32/docs/11_2312_00784v2/pages/page_008/figures.json,artifacts/corpus_runs/20260420_215816_journalmix_v1_arxiv32/docs/11_2312_00784v2/pages/page_008
c_0152,11_2312_00784v2,data/private/journalmix_v1/source_pdfs/mixed_vector_raster/2312_00784v2.pdf,9,0,agfc,unknown,control,0.3,no_figures;page_has_no_figures,artifacts/corpus_runs/20260420_215816_journalmix_v1_arxiv32/docs/11_2312_00784v2/pages/page_009/overlay.png,artifacts/corpus_runs/20260420_215816_journalmix_v1_arxiv32/docs/11_2312_00784v2/pages/page_009/figures.json,artifacts/corpus_runs/20260420_215816_journalmix_v1_arxiv32/docs/11_2312_00784v2/pages/page_009
c_0153,11_2312_00784v2,data/private/journalmix_v1/source_pdfs/mixed_vector_raster/2312_00784v2.pdf,10,0,agfc,unknown,control,0.3,no_figures;page_has_no_figures,artifacts/corpus_runs/20260420_215816_journalmix_v1_arxiv32/docs/11_2312_00784v2/pages/page_010/overlay.png,artifacts/corpus_runs/20260420_215816_journalmix_v1_arxiv32/docs/11_2312_00784v2/pages/page_010/figures.json,artifacts/corpus_runs/20260420_215816_journalmix_v1_arxiv32/docs/11_2312_00784v2/pages/page_010
c_0154,11_2312_00784v2,data/private/journalmix_v1/source_pdfs/mixed_vector_raster/2312_00784v2.pdf,11,1,agfc,compound_multi_panel,stress,0.65,vector=5;raster=6;high_panel_count=5;many_panels=5,artifacts/corpus_runs/20260420_215816_journalmix_v1_arxiv32/docs/11_2312_00784v2/pages/page_011/overlay.png,artifacts/corpus_runs/20260420_215816_journalmix_v1_arxiv32/docs/11_2312_00784v2/pages/page_011/figures.json,artifacts/corpus_runs/20260420_215816_journalmix_v1_arxiv32/docs/11_2312_00784v2/pages/page_011
c_0155,11_2312_00784v2,data/private/journalmix_v1/source_pdfs/mixed_vector_raster/2312_00784v2.pdf,12,3,agfc,compound_multi_panel,hard,0.65,raster_multi_panel=3;figs=3;multi_figure_page=3,artifacts/corpus_runs/20260420_215816_journalmix_v1_arxiv32/docs/11_2312_00784v2/pages/page_012/overlay.png,artifacts/corpus_runs/20260420_215816_journalmix_v1_arxiv32/docs/11_2312_00784v2/pages/page_012/figures.json,artifacts/corpus_runs/20260420_215816_journalmix_v1_arxiv32/docs/11_2312_00784v2/pages/page_012
c_0156,11_2312_00784v2,data/private/journalmix_v1/source_pdfs/mixed_vector_raster/2312_00784v2.pdf,13,1,agfc,compound_multi_panel,control,0.65,vector=5;raster=6;high_panel_count=3,artifacts/corpus_runs/20260420_215816_journalmix_v1_arxiv32/docs/11_2312_00784v2/pages/page_013/overlay.png,artifacts/corpus_runs/20260420_215816_journalmix_v1_arxiv32/docs/11_2312_00784v2/pages/page_013/figures.json,artifacts/corpus_runs/20260420_215816_journalmix_v1_arxiv32/docs/11_2312_00784v2/pages/page_013
c_0157,11_2312_00784v2,data/private/journalmix_v1/source_pdfs/mixed_vector_raster/2312_00784v2.pdf,14,1,agfc,route_map_or_flow,stress,0.65,vector=7;raster=9;flow_keyword_detected;many_panels=9,artifacts/corpus_runs/20260420_215816_journalmix_v1_arxiv32/docs/11_2312_00784v2/pages/page_014/overlay.png,artifacts/corpus_runs/20260420_215816_journalmix_v1_arxiv32/docs/11_2312_00784v2/pages/page_014/figures.json,artifacts/corpus_runs/20260420_215816_journalmix_v1_arxiv32/docs/11_2312_00784v2/pages/page_014
c_0158,11_2312_00784v2,data/private/journalmix_v1/source_pdfs/mixed_vector_raster/2312_00784v2.pdf,15,0,agfc,unknown,control,0.3,no_figures;page_has_no_figures,artifacts/corpus_runs/20260420_215816_journalmix_v1_arxiv32/docs/11_2312_00784v2/pages/page_015/overlay.png,artifacts/corpus_runs/20260420_215816_journalmix_v1_arxiv32/docs/11_2312_00784v2/pages/page_015/figures.json,artifacts/corpus_runs/20260420_215816_journalmix_v1_arxiv32/docs/11_2312_00784v2/pages/page_015
c_0159,11_2312_00784v2,data/private/journalmix_v1/source_pdfs/mixed_vector_raster/2312_00784v2.pdf,16,2,agfc,compound_multi_panel,stress,0.65,vector=1;raster=6;high_panel_count=8;multi_figure_page=2;many_panels=8,artifacts/corpus_runs/20260420_215816_journalmix_v1_arxiv32/docs/11_2312_00784v2/pages/page_016/overlay.png,artifacts/corpus_runs/20260420_215816_journalmix_v1_arxiv32/docs/11_2312_00784v2/pages/page_016/figures.json,artifacts/corpus_runs/20260420_215816_journalmix_v1_arxiv32/docs/11_2312_00784v2/pages/page_016
c_0160,11_2312_00784v2,data/private/journalmix_v1/source_pdfs/mixed_vector_raster/2312_00784v2.pdf,17,1,agfc,compound_multi_panel,control,0.65,vector=2;raster=7;high_panel_count=4,artifacts/corpus_runs/20260420_215816_journalmix_v1_arxiv32/docs/11_2312_00784v2/pages/page_017/overlay.png,artifacts/corpus_runs/20260420_215816_journalmix_v1_arxiv32/docs/11_2312_00784v2/pages/page_017/figures.json,artifacts/corpus_runs/20260420_215816_journalmix_v1_arxiv32/docs/11_2312_00784v2/pages/page_017
c_0161,11_2312_00784v2,data/private/journalmix_v1/source_pdfs/mixed_vector_raster/2312_00784v2.pdf,18,0,agfc,unknown,control,0.3,no_figures;page_has_no_figures,artifacts/corpus_runs/20260420_215816_journalmix_v1_arxiv32/docs/11_2312_00784v2/pages/page_018/overlay.png,artifacts/corpus_runs/20260420_215816_journalmix_v1_arxiv32/docs/11_2312_00784v2/pages/page_018/figures.json,artifacts/corpus_runs/20260420_215816_journalmix_v1_arxiv32/docs/11_2312_00784v2/pages/page_018
c_0162,11_2312_00784v2,data/private/journalmix_v1/source_pdfs/mixed_vector_raster/2312_00784v2.pdf,19,1,agfc,vector_dominant,control,0.7,vector_only=2,artifacts/corpus_runs/20260420_215816_journalmix_v1_arxiv32/docs/11_2312_00784v2/pages/page_019/overlay.png,artifacts/corpus_runs/20260420_215816_journalmix_v1_arxiv32/docs/11_2312_00784v2/pages/page_019/figures.json,artifacts/corpus_runs/20260420_215816_journalmix_v1_arxiv32/docs/11_2312_00784v2/pages/page_019
c_0163,11_2312_00784v2,data/private/journalmix_v1/source_pdfs/mixed_vector_raster/2312_00784v2.pdf,20,2,agfc,route_map_or_flow,hard,0.65,raster_multi_panel=3;figs=2;flow_keyword_detected;multi_figure_page=2,artifacts/corpus_runs/20260420_215816_journalmix_v1_arxiv32/docs/11_2312_00784v2/pages/page_020/overlay.png,artifacts/corpus_runs/20260420_215816_journalmix_v1_arxiv32/docs/11_2312_00784v2/pages/page_020/figures.json,artifacts/corpus_runs/20260420_215816_journalmix_v1_arxiv32/docs/11_2312_00784v2/pages/page_020
c_0164,11_2312_00784v2,data/private/journalmix_v1/source_pdfs/mixed_vector_raster/2312_00784v2.pdf,21,3,agfc,compound_multi_panel,hard,0.65,raster_multi_panel=4;figs=3;multi_figure_page=3,artifacts/corpus_runs/20260420_215816_journalmix_v1_arxiv32/docs/11_2312_00784v2/pages/page_021/overlay.png,artifacts/corpus_runs/20260420_215816_journalmix_v1_arxiv32/docs/11_2312_00784v2/pages/page_021/figures.json,artifacts/corpus_runs/20260420_215816_journalmix_v1_arxiv32/docs/11_2312_00784v2/pages/page_021
c_0165,11_2312_00784v2,data/private/journalmix_v1/source_pdfs/mixed_vector_raster/2312_00784v2.pdf,22,2,agfc,compound_multi_panel,hard,0.65,raster_multi_panel=2;figs=2;multi_figure_page=2,artifacts/corpus_runs/20260420_215816_journalmix_v1_arxiv32/docs/11_2312_00784v2/pages/page_022/overlay.png,artifacts/corpus_runs/20260420_215816_journalmix_v1_arxiv32/docs/11_2312_00784v2/pages/page_022/figures.json,artifacts/corpus_runs/20260420_215816_journalmix_v1_arxiv32/docs/11_2312_00784v2/pages/page_022
c_0166,12_2403_10369v3,data/private/journalmix_v1/source_pdfs/mixed_vector_raster/2403_10369v3.pdf,0,1,agfc,compound_multi_panel,control,0.65,raster_multi_panel=3;figs=1,artifacts/corpus_runs/20260420_215816_journalmix_v1_arxiv32/docs/12_2403_10369v3/pages/page_000/overlay.png,artifacts/corpus_runs/20260420_215816_journalmix_v1_arxiv32/docs/12_2403_10369v3/pages/page_000/figures.json,artifacts/corpus_runs/20260420_215816_journalmix_v1_arxiv32/docs/12_2403_10369v3/pages/page_000
c_0167,12_2403_10369v3,data/private/journalmix_v1/source_pdfs/mixed_vector_raster/2403_10369v3.pdf,1,1,agfc,mixed_vector_raster,control,0.4,raster_single=1,artifacts/corpus_runs/20260420_215816_journalmix_v1_arxiv32/docs/12_2403_10369v3/pages/page_001/overlay.png,artifacts/corpus_runs/20260420_215816_journalmix_v1_arxiv32/docs/12_2403_10369v3/pages/page_001/figures.json,artifacts/corpus_runs/20260420_215816_journalmix_v1_arxiv32/docs/12_2403_10369v3/pages/page_001
c_0168,12_2403_10369v3,data/private/journalmix_v1/source_pdfs/mixed_vector_raster/2403_10369v3.pdf,2,1,agfc,compound_multi_panel,stress,0.65,raster_multi_panel=5;figs=1;many_panels=5,artifacts/corpus_runs/20260420_215816_journalmix_v1_arxiv32/docs/12_2403_10369v3/pages/page_002/overlay.png,artifacts/corpus_runs/20260420_215816_journalmix_v1_arxiv32/docs/12_2403_10369v3/pages/page_002/figures.json,artifacts/corpus_runs/20260420_215816_journalmix_v1_arxiv32/docs/12_2403_10369v3/pages/page_002
c_0169,12_2403_10369v3,data/private/journalmix_v1/source_pdfs/mixed_vector_raster/2403_10369v3.pdf,3,1,agfc,compound_multi_panel,stress,0.65,raster_multi_panel=5;figs=1;many_panels=5,artifacts/corpus_runs/20260420_215816_journalmix_v1_arxiv32/docs/12_2403_10369v3/pages/page_003/overlay.png,artifacts/corpus_runs/20260420_215816_journalmix_v1_arxiv32/docs/12_2403_10369v3/pages/page_003/figures.json,artifacts/corpus_runs/20260420_215816_journalmix_v1_arxiv32/docs/12_2403_10369v3/pages/page_003
c_0170,12_2403_10369v3,data/private/journalmix_v1/source_pdfs/mixed_vector_raster/2403_10369v3.pdf,4,0,agfc,unknown,control,0.3,no_figures;page_has_no_figures,artifacts/corpus_runs/20260420_215816_journalmix_v1_arxiv32/docs/12_2403_10369v3/pages/page_004/overlay.png,artifacts/corpus_runs/20260420_215816_journalmix_v1_arxiv32/docs/12_2403_10369v3/pages/page_004/figures.json,artifacts/corpus_runs/20260420_215816_journalmix_v1_arxiv32/docs/12_2403_10369v3/pages/page_004
c_0171,12_2403_10369v3,data/private/journalmix_v1/source_pdfs/mixed_vector_raster/2403_10369v3.pdf,5,0,agfc,unknown,control,0.3,no_figures;page_has_no_figures,artifacts/corpus_runs/20260420_215816_journalmix_v1_arxiv32/docs/12_2403_10369v3/pages/page_005/overlay.png,artifacts/corpus_runs/20260420_215816_journalmix_v1_arxiv32/docs/12_2403_10369v3/pages/page_005/figures.json,artifacts/corpus_runs/20260420_215816_journalmix_v1_arxiv32/docs/12_2403_10369v3/pages/page_005
c_0172,13_2412_07509v1,data/private/journalmix_v1/source_pdfs/mixed_vector_raster/2412_07509v1.pdf,0,0,agfc,unknown,control,0.3,no_figures;page_has_no_figures,artifacts/corpus_runs/20260420_215816_journalmix_v1_arxiv32/docs/13_2412_07509v1/pages/page_000/overlay.png,artifacts/corpus_runs/20260420_215816_journalmix_v1_arxiv32/docs/13_2412_07509v1/pages/page_000/figures.json,artifacts/corpus_runs/20260420_215816_journalmix_v1_arxiv32/docs/13_2412_07509v1/pages/page_000
c_0173,13_2412_07509v1,data/private/journalmix_v1/source_pdfs/mixed_vector_raster/2412_07509v1.pdf,1,0,agfc,unknown,control,0.3,no_figures;page_has_no_figures,artifacts/corpus_runs/20260420_215816_journalmix_v1_arxiv32/docs/13_2412_07509v1/pages/page_001/overlay.png,artifacts/corpus_runs/20260420_215816_journalmix_v1_arxiv32/docs/13_2412_07509v1/pages/page_001/figures.json,artifacts/corpus_runs/20260420_215816_journalmix_v1_arxiv32/docs/13_2412_07509v1/pages/page_001
c_0174,13_2412_07509v1,data/private/journalmix_v1/source_pdfs/mixed_vector_raster/2412_07509v1.pdf,2,0,agfc,unknown,control,0.3,no_figures;page_has_no_figures,artifacts/corpus_runs/20260420_215816_journalmix_v1_arxiv32/docs/13_2412_07509v1/pages/page_002/overlay.png,artifacts/corpus_runs/20260420_215816_journalmix_v1_arxiv32/docs/13_2412_07509v1/pages/page_002/figures.json,artifacts/corpus_runs/20260420_215816_journalmix_v1_arxiv32/docs/13_2412_07509v1/pages/page_002
c_0175,13_2412_07509v1,data/private/journalmix_v1/source_pdfs/mixed_vector_raster/2412_07509v1.pdf,3,0,agfc,unknown,control,0.3,no_figures;page_has_no_figures,artifacts/corpus_runs/20260420_215816_journalmix_v1_arxiv32/docs/13_2412_07509v1/pages/page_003/overlay.png,artifacts/corpus_runs/20260420_215816_journalmix_v1_arxiv32/docs/13_2412_07509v1/pages/page_003/figures.json,artifacts/corpus_runs/20260420_215816_journalmix_v1_arxiv32/docs/13_2412_07509v1/pages/page_003
c_0176,13_2412_07509v1,data/private/journalmix_v1/source_pdfs/mixed_vector_raster/2412_07509v1.pdf,4,1,agfc,mixed_vector_raster,control,0.4,raster_single=1,artifacts/corpus_runs/20260420_215816_journalmix_v1_arxiv32/docs/13_2412_07509v1/pages/page_004/overlay.png,artifacts/corpus_runs/20260420_215816_journalmix_v1_arxiv32/docs/13_2412_07509v1/pages/page_004/figures.json,artifacts/corpus_runs/20260420_215816_journalmix_v1_arxiv32/docs/13_2412_07509v1/pages/page_004
c_0177,13_2412_07509v1,data/private/journalmix_v1/source_pdfs/mixed_vector_raster/2412_07509v1.pdf,5,0,agfc,unknown,control,0.3,no_figures;page_has_no_figures,artifacts/corpus_runs/20260420_215816_journalmix_v1_arxiv32/docs/13_2412_07509v1/pages/page_005/overlay.png,artifacts/corpus_runs/20260420_215816_journalmix_v1_arxiv32/docs/13_2412_07509v1/pages/page_005/figures.json,artifacts/corpus_runs/20260420_215816_journalmix_v1_arxiv32/docs/13_2412_07509v1/pages/page_005
c_0178,13_2412_07509v1,data/private/journalmix_v1/source_pdfs/mixed_vector_raster/2412_07509v1.pdf,6,1,agfc,mixed_vector_raster,control,0.4,raster_single=1,artifacts/corpus_runs/20260420_215816_journalmix_v1_arxiv32/docs/13_2412_07509v1/pages/page_006/overlay.png,artifacts/corpus_runs/20260420_215816_journalmix_v1_arxiv32/docs/13_2412_07509v1/pages/page_006/figures.json,artifacts/corpus_runs/20260420_215816_journalmix_v1_arxiv32/docs/13_2412_07509v1/pages/page_006
c_0179,13_2412_07509v1,data/private/journalmix_v1/source_pdfs/mixed_vector_raster/2412_07509v1.pdf,7,0,agfc,unknown,control,0.3,no_figures;page_has_no_figures,artifacts/corpus_runs/20260420_215816_journalmix_v1_arxiv32/docs/13_2412_07509v1/pages/page_007/overlay.png,artifacts/corpus_runs/20260420_215816_journalmix_v1_arxiv32/docs/13_2412_07509v1/pages/page_007/figures.json,artifacts/corpus_runs/20260420_215816_journalmix_v1_arxiv32/docs/13_2412_07509v1/pages/page_007
c_0180,13_2412_07509v1,data/private/journalmix_v1/source_pdfs/mixed_vector_raster/2412_07509v1.pdf,8,0,agfc,unknown,control,0.3,no_figures;page_has_no_figures,artifacts/corpus_runs/20260420_215816_journalmix_v1_arxiv32/docs/13_2412_07509v1/pages/page_008/overlay.png,artifacts/corpus_runs/20260420_215816_journalmix_v1_arxiv32/docs/13_2412_07509v1/pages/page_008/figures.json,artifacts/corpus_runs/20260420_215816_journalmix_v1_arxiv32/docs/13_2412_07509v1/pages/page_008
c_0181,13_2412_07509v1,data/private/journalmix_v1/source_pdfs/mixed_vector_raster/2412_07509v1.pdf,9,1,agfc,vector_dominant,control,0.7,vector_only=10,artifacts/corpus_runs/20260420_215816_journalmix_v1_arxiv32/docs/13_2412_07509v1/pages/page_009/overlay.png,artifacts/corpus_runs/20260420_215816_journalmix_v1_arxiv32/docs/13_2412_07509v1/pages/page_009/figures.json,artifacts/corpus_runs/20260420_215816_journalmix_v1_arxiv32/docs/13_2412_07509v1/pages/page_009
c_0182,13_2412_07509v1,data/private/journalmix_v1/source_pdfs/mixed_vector_raster/2412_07509v1.pdf,10,0,agfc,unknown,control,0.3,no_figures;page_has_no_figures,artifacts/corpus_runs/20260420_215816_journalmix_v1_arxiv32/docs/13_2412_07509v1/pages/page_010/overlay.png,artifacts/corpus_runs/20260420_215816_journalmix_v1_arxiv32/docs/13_2412_07509v1/pages/page_010/figures.json,artifacts/corpus_runs/20260420_215816_journalmix_v1_arxiv32/docs/13_2412_07509v1/pages/page_010
c_0183,13_2412_07509v1,data/private/journalmix_v1/source_pdfs/mixed_vector_raster/2412_07509v1.pdf,11,2,agfc,mixed_vector_raster,hard,0.65,vector=7;raster=1;multi_figure_page=2,artifacts/corpus_runs/20260420_215816_journalmix_v1_arxiv32/docs/13_2412_07509v1/pages/page_011/overlay.png,artifacts/corpus_runs/20260420_215816_journalmix_v1_arxiv32/docs/13_2412_07509v1/pages/page_011/figures.json,artifacts/corpus_runs/20260420_215816_journalmix_v1_arxiv32/docs/13_2412_07509v1/pages/page_011
c_0184,13_2412_07509v1,data/private/journalmix_v1/source_pdfs/mixed_vector_raster/2412_07509v1.pdf,12,1,agfc,mixed_vector_raster,control,0.4,raster_single=1,artifacts/corpus_runs/20260420_215816_journalmix_v1_arxiv32/docs/13_2412_07509v1/pages/page_012/overlay.png,artifacts/corpus_runs/20260420_215816_journalmix_v1_arxiv32/docs/13_2412_07509v1/pages/page_012/figures.json,artifacts/corpus_runs/20260420_215816_journalmix_v1_arxiv32/docs/13_2412_07509v1/pages/page_012
c_0185,13_2412_07509v1,data/private/journalmix_v1/source_pdfs/mixed_vector_raster/2412_07509v1.pdf,13,0,agfc,unknown,control,0.3,no_figures;page_has_no_figures,artifacts/corpus_runs/20260420_215816_journalmix_v1_arxiv32/docs/13_2412_07509v1/pages/page_013/overlay.png,artifacts/corpus_runs/20260420_215816_journalmix_v1_arxiv32/docs/13_2412_07509v1/pages/page_013/figures.json,artifacts/corpus_runs/20260420_215816_journalmix_v1_arxiv32/docs/13_2412_07509v1/pages/page_013
c_0186,13_2412_07509v1,data/private/journalmix_v1/source_pdfs/mixed_vector_raster/2412_07509v1.pdf,14,0,agfc,unknown,control,0.3,no_figures;page_has_no_figures,artifacts/corpus_runs/20260420_215816_journalmix_v1_arxiv32/docs/13_2412_07509v1/pages/page_014/overlay.png,artifacts/corpus_runs/20260420_215816_journalmix_v1_arxiv32/docs/13_2412_07509v1/pages/page_014/figures.json,artifacts/corpus_runs/20260420_215816_journalmix_v1_arxiv32/docs/13_2412_07509v1/pages/page_014
c_0187,13_2412_07509v1,data/private/journalmix_v1/source_pdfs/mixed_vector_raster/2412_07509v1.pdf,15,1,agfc,mixed_vector_raster,control,0.4,raster_single=1,artifacts/corpus_runs/20260420_215816_journalmix_v1_arxiv32/docs/13_2412_07509v1/pages/page_015/overlay.png,artifacts/corpus_runs/20260420_215816_journalmix_v1_arxiv32/docs/13_2412_07509v1/pages/page_015/figures.json,artifacts/corpus_runs/20260420_215816_journalmix_v1_arxiv32/docs/13_2412_07509v1/pages/page_015
c_0188,13_2412_07509v1,data/private/journalmix_v1/source_pdfs/mixed_vector_raster/2412_07509v1.pdf,16,1,agfc,mixed_vector_raster,control,0.4,raster_single=1,artifacts/corpus_runs/20260420_215816_journalmix_v1_arxiv32/docs/13_2412_07509v1/pages/page_016/overlay.png,artifacts/corpus_runs/20260420_215816_journalmix_v1_arxiv32/docs/13_2412_07509v1/pages/page_016/figures.json,artifacts/corpus_runs/20260420_215816_journalmix_v1_arxiv32/docs/13_2412_07509v1/pages/page_016
c_0189,13_2412_07509v1,data/private/journalmix_v1/source_pdfs/mixed_vector_raster/2412_07509v1.pdf,17,0,agfc,unknown,control,0.3,no_figures;page_has_no_figures,artifacts/corpus_runs/20260420_215816_journalmix_v1_arxiv32/docs/13_2412_07509v1/pages/page_017/overlay.png,artifacts/corpus_runs/20260420_215816_journalmix_v1_arxiv32/docs/13_2412_07509v1/pages/page_017/figures.json,artifacts/corpus_runs/20260420_215816_journalmix_v1_arxiv32/docs/13_2412_07509v1/pages/page_017
c_0190,13_2412_07509v1,data/private/journalmix_v1/source_pdfs/mixed_vector_raster/2412_07509v1.pdf,18,0,agfc,unknown,control,0.3,no_figures;page_has_no_figures,artifacts/corpus_runs/20260420_215816_journalmix_v1_arxiv32/docs/13_2412_07509v1/pages/page_018/overlay.png,artifacts/corpus_runs/20260420_215816_journalmix_v1_arxiv32/docs/13_2412_07509v1/pages/page_018/figures.json,artifacts/corpus_runs/20260420_215816_journalmix_v1_arxiv32/docs/13_2412_07509v1/pages/page_018
c_0191,13_2412_07509v1,data/private/journalmix_v1/source_pdfs/mixed_vector_raster/2412_07509v1.pdf,19,0,agfc,unknown,control,0.3,no_figures;page_has_no_figures,artifacts/corpus_runs/20260420_215816_journalmix_v1_arxiv32/docs/13_2412_07509v1/pages/page_019/overlay.png,artifacts/corpus_runs/20260420_215816_journalmix_v1_arxiv32/docs/13_2412_07509v1/pages/page_019/figures.json,artifacts/corpus_runs/20260420_215816_journalmix_v1_arxiv32/docs/13_2412_07509v1/pages/page_019
c_0192,13_2412_07509v1,data/private/journalmix_v1/source_pdfs/mixed_vector_raster/2412_07509v1.pdf,20,0,agfc,unknown,control,0.3,no_figures;page_has_no_figures,artifacts/corpus_runs/20260420_215816_journalmix_v1_arxiv32/docs/13_2412_07509v1/pages/page_020/overlay.png,artifacts/corpus_runs/20260420_215816_journalmix_v1_arxiv32/docs/13_2412_07509v1/pages/page_020/figures.json,artifacts/corpus_runs/20260420_215816_journalmix_v1_arxiv32/docs/13_2412_07509v1/pages/page_020
c_0193,13_2412_07509v1,data/private/journalmix_v1/source_pdfs/mixed_vector_raster/2412_07509v1.pdf,21,0,agfc,unknown,control,0.3,no_figures;page_has_no_figures,artifacts/corpus_runs/20260420_215816_journalmix_v1_arxiv32/docs/13_2412_07509v1/pages/page_021/overlay.png,artifacts/corpus_runs/20260420_215816_journalmix_v1_arxiv32/docs/13_2412_07509v1/pages/page_021/figures.json,artifacts/corpus_runs/20260420_215816_journalmix_v1_arxiv32/docs/13_2412_07509v1/pages/page_021
c_0194,14_2504_21559v1,data/private/journalmix_v1/source_pdfs/mixed_vector_raster/2504_21559v1.pdf,0,0,agfc,unknown,control,0.3,no_figures;page_has_no_figures,artifacts/corpus_runs/20260420_215816_journalmix_v1_arxiv32/docs/14_2504_21559v1/pages/page_000/overlay.png,artifacts/corpus_runs/20260420_215816_journalmix_v1_arxiv32/docs/14_2504_21559v1/pages/page_000/figures.json,artifacts/corpus_runs/20260420_215816_journalmix_v1_arxiv32/docs/14_2504_21559v1/pages/page_000
c_0195,14_2504_21559v1,data/private/journalmix_v1/source_pdfs/mixed_vector_raster/2504_21559v1.pdf,1,1,agfc,mixed_vector_raster,control,0.4,raster_single=1,artifacts/corpus_runs/20260420_215816_journalmix_v1_arxiv32/docs/14_2504_21559v1/pages/page_001/overlay.png,artifacts/corpus_runs/20260420_215816_journalmix_v1_arxiv32/docs/14_2504_21559v1/pages/page_001/figures.json,artifacts/corpus_runs/20260420_215816_journalmix_v1_arxiv32/docs/14_2504_21559v1/pages/page_001
c_0196,14_2504_21559v1,data/private/journalmix_v1/source_pdfs/mixed_vector_raster/2504_21559v1.pdf,2,1,agfc,mixed_vector_raster,control,0.4,raster_single=1,artifacts/corpus_runs/20260420_215816_journalmix_v1_arxiv32/docs/14_2504_21559v1/pages/page_002/overlay.png,artifacts/corpus_runs/20260420_215816_journalmix_v1_arxiv32/docs/14_2504_21559v1/pages/page_002/figures.json,artifacts/corpus_runs/20260420_215816_journalmix_v1_arxiv32/docs/14_2504_21559v1/pages/page_002
c_0197,14_2504_21559v1,data/private/journalmix_v1/source_pdfs/mixed_vector_raster/2504_21559v1.pdf,3,0,agfc,unknown,control,0.3,vector_only=3;no_figures;page_has_no_figures,artifacts/corpus_runs/20260420_215816_journalmix_v1_arxiv32/docs/14_2504_21559v1/pages/page_003/overlay.png,artifacts/corpus_runs/20260420_215816_journalmix_v1_arxiv32/docs/14_2504_21559v1/pages/page_003/figures.json,artifacts/corpus_runs/20260420_215816_journalmix_v1_arxiv32/docs/14_2504_21559v1/pages/page_003
c_0198,14_2504_21559v1,data/private/journalmix_v1/source_pdfs/mixed_vector_raster/2504_21559v1.pdf,4,1,agfc,route_map_or_flow,control,0.65,vector=1;raster=1;flow_keyword_detected,artifacts/corpus_runs/20260420_215816_journalmix_v1_arxiv32/docs/14_2504_21559v1/pages/page_004/overlay.png,artifacts/corpus_runs/20260420_215816_journalmix_v1_arxiv32/docs/14_2504_21559v1/pages/page_004/figures.json,artifacts/corpus_runs/20260420_215816_journalmix_v1_arxiv32/docs/14_2504_21559v1/pages/page_004
c_0199,14_2504_21559v1,data/private/journalmix_v1/source_pdfs/mixed_vector_raster/2504_21559v1.pdf,5,0,agfc,unknown,control,0.3,no_figures;page_has_no_figures,artifacts/corpus_runs/20260420_215816_journalmix_v1_arxiv32/docs/14_2504_21559v1/pages/page_005/overlay.png,artifacts/corpus_runs/20260420_215816_journalmix_v1_arxiv32/docs/14_2504_21559v1/pages/page_005/figures.json,artifacts/corpus_runs/20260420_215816_journalmix_v1_arxiv32/docs/14_2504_21559v1/pages/page_005
c_0200,14_2504_21559v1,data/private/journalmix_v1/source_pdfs/mixed_vector_raster/2504_21559v1.pdf,6,0,agfc,unknown,control,0.3,no_figures;page_has_no_figures,artifacts/corpus_runs/20260420_215816_journalmix_v1_arxiv32/docs/14_2504_21559v1/pages/page_006/overlay.png,artifacts/corpus_runs/20260420_215816_journalmix_v1_arxiv32/docs/14_2504_21559v1/pages/page_006/figures.json,artifacts/corpus_runs/20260420_215816_journalmix_v1_arxiv32/docs/14_2504_21559v1/pages/page_006
c_0201,14_2504_21559v1,data/private/journalmix_v1/source_pdfs/mixed_vector_raster/2504_21559v1.pdf,7,0,agfc,unknown,control,0.3,no_figures;page_has_no_figures,artifacts/corpus_runs/20260420_215816_journalmix_v1_arxiv32/docs/14_2504_21559v1/pages/page_007/overlay.png,artifacts/corpus_runs/20260420_215816_journalmix_v1_arxiv32/docs/14_2504_21559v1/pages/page_007/figures.json,artifacts/corpus_runs/20260420_215816_journalmix_v1_arxiv32/docs/14_2504_21559v1/pages/page_007
c_0202,14_2504_21559v1,data/private/journalmix_v1/source_pdfs/mixed_vector_raster/2504_21559v1.pdf,8,0,agfc,unknown,control,0.3,no_figures;page_has_no_figures,artifacts/corpus_runs/20260420_215816_journalmix_v1_arxiv32/docs/14_2504_21559v1/pages/page_008/overlay.png,artifacts/corpus_runs/20260420_215816_journalmix_v1_arxiv32/docs/14_2504_21559v1/pages/page_008/figures.json,artifacts/corpus_runs/20260420_215816_journalmix_v1_arxiv32/docs/14_2504_21559v1/pages/page_008
c_0203,14_2504_21559v1,data/private/journalmix_v1/source_pdfs/mixed_vector_raster/2504_21559v1.pdf,9,1,agfc,vector_dominant,control,0.7,vector_only=2,artifacts/corpus_runs/20260420_215816_journalmix_v1_arxiv32/docs/14_2504_21559v1/pages/page_009/overlay.png,artifacts/corpus_runs/20260420_215816_journalmix_v1_arxiv32/docs/14_2504_21559v1/pages/page_009/figures.json,artifacts/corpus_runs/20260420_215816_journalmix_v1_arxiv32/docs/14_2504_21559v1/pages/page_009
c_0204,15_2509_20343v1,data/private/journalmix_v1/source_pdfs/mixed_vector_raster/2509_20343v1.pdf,0,0,agfc,unknown,control,0.3,no_figures;page_has_no_figures,artifacts/corpus_runs/20260420_215816_journalmix_v1_arxiv32/docs/15_2509_20343v1/pages/page_000/overlay.png,artifacts/corpus_runs/20260420_215816_journalmix_v1_arxiv32/docs/15_2509_20343v1/pages/page_000/figures.json,artifacts/corpus_runs/20260420_215816_journalmix_v1_arxiv32/docs/15_2509_20343v1/pages/page_000
c_0205,15_2509_20343v1,data/private/journalmix_v1/source_pdfs/mixed_vector_raster/2509_20343v1.pdf,1,1,agfc,mixed_vector_raster,control,0.4,raster_single=1,artifacts/corpus_runs/20260420_215816_journalmix_v1_arxiv32/docs/15_2509_20343v1/pages/page_001/overlay.png,artifacts/corpus_runs/20260420_215816_journalmix_v1_arxiv32/docs/15_2509_20343v1/pages/page_001/figures.json,artifacts/corpus_runs/20260420_215816_journalmix_v1_arxiv32/docs/15_2509_20343v1/pages/page_001
c_0206,15_2509_20343v1,data/private/journalmix_v1/source_pdfs/mixed_vector_raster/2509_20343v1.pdf,2,1,agfc,mixed_vector_raster,control,0.4,raster_single=1,artifacts/corpus_runs/20260420_215816_journalmix_v1_arxiv32/docs/15_2509_20343v1/pages/page_002/overlay.png,artifacts/corpus_runs/20260420_215816_journalmix_v1_arxiv32/docs/15_2509_20343v1/pages/page_002/figures.json,artifacts/corpus_runs/20260420_215816_journalmix_v1_arxiv32/docs/15_2509_20343v1/pages/page_002
c_0207,15_2509_20343v1,data/private/journalmix_v1/source_pdfs/mixed_vector_raster/2509_20343v1.pdf,3,1,agfc,mixed_vector_raster,control,0.4,raster_single=1,artifacts/corpus_runs/20260420_215816_journalmix_v1_arxiv32/docs/15_2509_20343v1/pages/page_003/overlay.png,artifacts/corpus_runs/20260420_215816_journalmix_v1_arxiv32/docs/15_2509_20343v1/pages/page_003/figures.json,artifacts/corpus_runs/20260420_215816_journalmix_v1_arxiv32/docs/15_2509_20343v1/pages/page_003
c_0208,15_2509_20343v1,data/private/journalmix_v1/source_pdfs/mixed_vector_raster/2509_20343v1.pdf,4,0,agfc,unknown,control,0.3,no_figures;page_has_no_figures,artifacts/corpus_runs/20260420_215816_journalmix_v1_arxiv32/docs/15_2509_20343v1/pages/page_004/overlay.png,artifacts/corpus_runs/20260420_215816_journalmix_v1_arxiv32/docs/15_2509_20343v1/pages/page_004/figures.json,artifacts/corpus_runs/20260420_215816_journalmix_v1_arxiv32/docs/15_2509_20343v1/pages/page_004
c_0209,15_2509_20343v1,data/private/journalmix_v1/source_pdfs/mixed_vector_raster/2509_20343v1.pdf,5,2,agfc,compound_multi_panel,hard,0.65,raster_multi_panel=2;figs=2;multi_figure_page=2,artifacts/corpus_runs/20260420_215816_journalmix_v1_arxiv32/docs/15_2509_20343v1/pages/page_005/overlay.png,artifacts/corpus_runs/20260420_215816_journalmix_v1_arxiv32/docs/15_2509_20343v1/pages/page_005/figures.json,artifacts/corpus_runs/20260420_215816_journalmix_v1_arxiv32/docs/15_2509_20343v1/pages/page_005
c_0210,15_2509_20343v1,data/private/journalmix_v1/source_pdfs/mixed_vector_raster/2509_20343v1.pdf,6,0,agfc,unknown,control,0.3,no_figures;page_has_no_figures,artifacts/corpus_runs/20260420_215816_journalmix_v1_arxiv32/docs/15_2509_20343v1/pages/page_006/overlay.png,artifacts/corpus_runs/20260420_215816_journalmix_v1_arxiv32/docs/15_2509_20343v1/pages/page_006/figures.json,artifacts/corpus_runs/20260420_215816_journalmix_v1_arxiv32/docs/15_2509_20343v1/pages/page_006
c_0211,15_2509_20343v1,data/private/journalmix_v1/source_pdfs/mixed_vector_raster/2509_20343v1.pdf,7,1,agfc,compound_multi_panel,control,0.65,raster_multi_panel=3;figs=1,artifacts/corpus_runs/20260420_215816_journalmix_v1_arxiv32/docs/15_2509_20343v1/pages/page_007/overlay.png,artifacts/corpus_runs/20260420_215816_journalmix_v1_arxiv32/docs/15_2509_20343v1/pages/page_007/figures.json,artifacts/corpus_runs/20260420_215816_journalmix_v1_arxiv32/docs/15_2509_20343v1/pages/page_007
c_0212,15_2509_20343v1,data/private/journalmix_v1/source_pdfs/mixed_vector_raster/2509_20343v1.pdf,8,1,agfc,mixed_vector_raster,control,0.4,raster_single=1,artifacts/corpus_runs/20260420_215816_journalmix_v1_arxiv32/docs/15_2509_20343v1/pages/page_008/overlay.png,artifacts/corpus_runs/20260420_215816_journalmix_v1_arxiv32/docs/15_2509_20343v1/pages/page_008/figures.json,artifacts/corpus_runs/20260420_215816_journalmix_v1_arxiv32/docs/15_2509_20343v1/pages/page_008
c_0213,15_2509_20343v1,data/private/journalmix_v1/source_pdfs/mixed_vector_raster/2509_20343v1.pdf,9,1,agfc,mixed_vector_raster,control,0.4,raster_single=1,artifacts/corpus_runs/20260420_215816_journalmix_v1_arxiv32/docs/15_2509_20343v1/pages/page_009/overlay.png,artifacts/corpus_runs/20260420_215816_journalmix_v1_arxiv32/docs/15_2509_20343v1/pages/page_009/figures.json,artifacts/corpus_runs/20260420_215816_journalmix_v1_arxiv32/docs/15_2509_20343v1/pages/page_009
c_0214,15_2509_20343v1,data/private/journalmix_v1/source_pdfs/mixed_vector_raster/2509_20343v1.pdf,10,0,agfc,unknown,control,0.3,no_figures;page_has_no_figures,artifacts/corpus_runs/20260420_215816_journalmix_v1_arxiv32/docs/15_2509_20343v1/pages/page_010/overlay.png,artifacts/corpus_runs/20260420_215816_journalmix_v1_arxiv32/docs/15_2509_20343v1/pages/page_010/figures.json,artifacts/corpus_runs/20260420_215816_journalmix_v1_arxiv32/docs/15_2509_20343v1/pages/page_010
c_0215,15_2509_20343v1,data/private/journalmix_v1/source_pdfs/mixed_vector_raster/2509_20343v1.pdf,11,0,agfc,unknown,control,0.3,no_figures;page_has_no_figures,artifacts/corpus_runs/20260420_215816_journalmix_v1_arxiv32/docs/15_2509_20343v1/pages/page_011/overlay.png,artifacts/corpus_runs/20260420_215816_journalmix_v1_arxiv32/docs/15_2509_20343v1/pages/page_011/figures.json,artifacts/corpus_runs/20260420_215816_journalmix_v1_arxiv32/docs/15_2509_20343v1/pages/page_011
c_0216,16_2602_15918v1,data/private/journalmix_v1/source_pdfs/mixed_vector_raster/2602_15918v1.pdf,0,0,agfc,unknown,control,0.3,no_figures;page_has_no_figures,artifacts/corpus_runs/20260420_215816_journalmix_v1_arxiv32/docs/16_2602_15918v1/pages/page_000/overlay.png,artifacts/corpus_runs/20260420_215816_journalmix_v1_arxiv32/docs/16_2602_15918v1/pages/page_000/figures.json,artifacts/corpus_runs/20260420_215816_journalmix_v1_arxiv32/docs/16_2602_15918v1/pages/page_000
c_0217,16_2602_15918v1,data/private/journalmix_v1/source_pdfs/mixed_vector_raster/2602_15918v1.pdf,1,0,agfc,unknown,control,0.3,no_figures;page_has_no_figures,artifacts/corpus_runs/20260420_215816_journalmix_v1_arxiv32/docs/16_2602_15918v1/pages/page_001/overlay.png,artifacts/corpus_runs/20260420_215816_journalmix_v1_arxiv32/docs/16_2602_15918v1/pages/page_001/figures.json,artifacts/corpus_runs/20260420_215816_journalmix_v1_arxiv32/docs/16_2602_15918v1/pages/page_001
c_0218,16_2602_15918v1,data/private/journalmix_v1/source_pdfs/mixed_vector_raster/2602_15918v1.pdf,2,1,agfc,route_map_or_flow,stress,0.65,vector=6;raster=14;flow_keyword_detected;dense_page_with_caption;atoms=58;many_panels=16,artifacts/corpus_runs/20260420_215816_journalmix_v1_arxiv32/docs/16_2602_15918v1/pages/page_002/overlay.png,artifacts/corpus_runs/20260420_215816_journalmix_v1_arxiv32/docs/16_2602_15918v1/pages/page_002/figures.json,artifacts/corpus_runs/20260420_215816_journalmix_v1_arxiv32/docs/16_2602_15918v1/pages/page_002
c_0219,16_2602_15918v1,data/private/journalmix_v1/source_pdfs/mixed_vector_raster/2602_15918v1.pdf,3,0,agfc,unknown,control,0.3,no_figures;page_has_no_figures,artifacts/corpus_runs/20260420_215816_journalmix_v1_arxiv32/docs/16_2602_15918v1/pages/page_003/overlay.png,artifacts/corpus_runs/20260420_215816_journalmix_v1_arxiv32/docs/16_2602_15918v1/pages/page_003/figures.json,artifacts/corpus_runs/20260420_215816_journalmix_v1_arxiv32/docs/16_2602_15918v1/pages/page_003
c_0220,16_2602_15918v1,data/private/journalmix_v1/source_pdfs/mixed_vector_raster/2602_15918v1.pdf,4,1,agfc,route_map_or_flow,hard,0.7,vector_only=11;flow_keyword_detected;dense_page_with_caption;atoms=61,artifacts/corpus_runs/20260420_215816_journalmix_v1_arxiv32/docs/16_2602_15918v1/pages/page_004/overlay.png,artifacts/corpus_runs/20260420_215816_journalmix_v1_arxiv32/docs/16_2602_15918v1/pages/page_004/figures.json,artifacts/corpus_runs/20260420_215816_journalmix_v1_arxiv32/docs/16_2602_15918v1/pages/page_004
c_0221,16_2602_15918v1,data/private/journalmix_v1/source_pdfs/mixed_vector_raster/2602_15918v1.pdf,5,1,agfc,vector_dominant,control,0.7,vector_only=2,artifacts/corpus_runs/20260420_215816_journalmix_v1_arxiv32/docs/16_2602_15918v1/pages/page_005/overlay.png,artifacts/corpus_runs/20260420_215816_journalmix_v1_arxiv32/docs/16_2602_15918v1/pages/page_005/figures.json,artifacts/corpus_runs/20260420_215816_journalmix_v1_arxiv32/docs/16_2602_15918v1/pages/page_005
c_0222,16_2602_15918v1,data/private/journalmix_v1/source_pdfs/mixed_vector_raster/2602_15918v1.pdf,6,0,agfc,unknown,control,0.3,no_figures;page_has_no_figures,artifacts/corpus_runs/20260420_215816_journalmix_v1_arxiv32/docs/16_2602_15918v1/pages/page_006/overlay.png,artifacts/corpus_runs/20260420_215816_journalmix_v1_arxiv32/docs/16_2602_15918v1/pages/page_006/figures.json,artifacts/corpus_runs/20260420_215816_journalmix_v1_arxiv32/docs/16_2602_15918v1/pages/page_006
c_0223,16_2602_15918v1,data/private/journalmix_v1/source_pdfs/mixed_vector_raster/2602_15918v1.pdf,7,2,agfc,route_map_or_flow,stress,0.65,vector=26;raster=4;flow_keyword_detected;multi_figure_page=2;very_dense_page;atoms=127;many_panels=6,artifacts/corpus_runs/20260420_215816_journalmix_v1_arxiv32/docs/16_2602_15918v1/pages/page_007/overlay.png,artifacts/corpus_runs/20260420_215816_journalmix_v1_arxiv32/docs/16_2602_15918v1/pages/page_007/figures.json,artifacts/corpus_runs/20260420_215816_journalmix_v1_arxiv32/docs/16_2602_15918v1/pages/page_007
c_0224,16_2602_15918v1,data/private/journalmix_v1/source_pdfs/mixed_vector_raster/2602_15918v1.pdf,8,0,agfc,unknown,control,0.3,no_figures;page_has_no_figures,artifacts/corpus_runs/20260420_215816_journalmix_v1_arxiv32/docs/16_2602_15918v1/pages/page_008/overlay.png,artifacts/corpus_runs/20260420_215816_journalmix_v1_arxiv32/docs/16_2602_15918v1/pages/page_008/figures.json,artifacts/corpus_runs/20260420_215816_journalmix_v1_arxiv32/docs/16_2602_15918v1/pages/page_008
c_0225,16_2602_15918v1,data/private/journalmix_v1/source_pdfs/mixed_vector_raster/2602_15918v1.pdf,9,0,agfc,unknown,control,0.3,no_figures;page_has_no_figures,artifacts/corpus_runs/20260420_215816_journalmix_v1_arxiv32/docs/16_2602_15918v1/pages/page_009/overlay.png,artifacts/corpus_runs/20260420_215816_journalmix_v1_arxiv32/docs/16_2602_15918v1/pages/page_009/figures.json,artifacts/corpus_runs/20260420_215816_journalmix_v1_arxiv32/docs/16_2602_15918v1/pages/page_009
c_0226,17_1310_0306v1,data/private/journalmix_v1/source_pdfs/route_map_or_flow/1310_0306v1.pdf,0,0,agfc,unknown,control,0.3,no_figures;page_has_no_figures,artifacts/corpus_runs/20260420_215816_journalmix_v1_arxiv32/docs/17_1310_0306v1/pages/page_000/overlay.png,artifacts/corpus_runs/20260420_215816_journalmix_v1_arxiv32/docs/17_1310_0306v1/pages/page_000/figures.json,artifacts/corpus_runs/20260420_215816_journalmix_v1_arxiv32/docs/17_1310_0306v1/pages/page_000
c_0227,17_1310_0306v1,data/private/journalmix_v1/source_pdfs/route_map_or_flow/1310_0306v1.pdf,1,1,agfc,route_map_or_flow,control,0.7,vector_only=6;flow_keyword_detected,artifacts/corpus_runs/20260420_215816_journalmix_v1_arxiv32/docs/17_1310_0306v1/pages/page_001/overlay.png,artifacts/corpus_runs/20260420_215816_journalmix_v1_arxiv32/docs/17_1310_0306v1/pages/page_001/figures.json,artifacts/corpus_runs/20260420_215816_journalmix_v1_arxiv32/docs/17_1310_0306v1/pages/page_001
c_0228,17_1310_0306v1,data/private/journalmix_v1/source_pdfs/route_map_or_flow/1310_0306v1.pdf,2,2,agfc,route_map_or_flow,hard,0.65,vector=7;raster=2;flow_keyword_detected;multi_figure_page=2,artifacts/corpus_runs/20260420_215816_journalmix_v1_arxiv32/docs/17_1310_0306v1/pages/page_002/overlay.png,artifacts/corpus_runs/20260420_215816_journalmix_v1_arxiv32/docs/17_1310_0306v1/pages/page_002/figures.json,artifacts/corpus_runs/20260420_215816_journalmix_v1_arxiv32/docs/17_1310_0306v1/pages/page_002
c_0229,17_1310_0306v1,data/private/journalmix_v1/source_pdfs/route_map_or_flow/1310_0306v1.pdf,3,4,agfc,route_map_or_flow,stress,0.65,vector=1;raster=7;flow_keyword_detected;multi_figure_page=4;many_panels=6,artifacts/corpus_runs/20260420_215816_journalmix_v1_arxiv32/docs/17_1310_0306v1/pages/page_003/overlay.png,artifacts/corpus_runs/20260420_215816_journalmix_v1_arxiv32/docs/17_1310_0306v1/pages/page_003/figures.json,artifacts/corpus_runs/20260420_215816_journalmix_v1_arxiv32/docs/17_1310_0306v1/pages/page_003
c_0230,17_1310_0306v1,data/private/journalmix_v1/source_pdfs/route_map_or_flow/1310_0306v1.pdf,4,1,agfc,route_map_or_flow,control,0.65,raster_multi_panel=3;figs=1;flow_keyword_detected,artifacts/corpus_runs/20260420_215816_journalmix_v1_arxiv32/docs/17_1310_0306v1/pages/page_004/overlay.png,artifacts/corpus_runs/20260420_215816_journalmix_v1_arxiv32/docs/17_1310_0306v1/pages/page_004/figures.json,artifacts/corpus_runs/20260420_215816_journalmix_v1_arxiv32/docs/17_1310_0306v1/pages/page_004
c_0231,18_2305_01323v3,data/private/journalmix_v1/source_pdfs/route_map_or_flow/2305_01323v3.pdf,0,1,agfc,route_map_or_flow,hard,0.7,vector_only=15;flow_keyword_detected;dense_page_with_caption;atoms=71,artifacts/corpus_runs/20260420_215816_journalmix_v1_arxiv32/docs/18_2305_01323v3/pages/page_000/overlay.png,artifacts/corpus_runs/20260420_215816_journalmix_v1_arxiv32/docs/18_2305_01323v3/pages/page_000/figures.json,artifacts/corpus_runs/20260420_215816_journalmix_v1_arxiv32/docs/18_2305_01323v3/pages/page_000
c_0232,18_2305_01323v3,data/private/journalmix_v1/source_pdfs/route_map_or_flow/2305_01323v3.pdf,1,1,agfc,route_map_or_flow,control,0.7,vector_only=3;flow_keyword_detected,artifacts/corpus_runs/20260420_215816_journalmix_v1_arxiv32/docs/18_2305_01323v3/pages/page_001/overlay.png,artifacts/corpus_runs/20260420_215816_journalmix_v1_arxiv32/docs/18_2305_01323v3/pages/page_001/figures.json,artifacts/corpus_runs/20260420_215816_journalmix_v1_arxiv32/docs/18_2305_01323v3/pages/page_001
c_0233,18_2305_01323v3,data/private/journalmix_v1/source_pdfs/route_map_or_flow/2305_01323v3.pdf,2,1,agfc,route_map_or_flow,hard,0.7,vector_only=5;flow_keyword_detected;dense_page_with_caption;atoms=52,artifacts/corpus_runs/20260420_215816_journalmix_v1_arxiv32/docs/18_2305_01323v3/pages/page_002/overlay.png,artifacts/corpus_runs/20260420_215816_journalmix_v1_arxiv32/docs/18_2305_01323v3/pages/page_002/figures.json,artifacts/corpus_runs/20260420_215816_journalmix_v1_arxiv32/docs/18_2305_01323v3/pages/page_002
c_0234,18_2305_01323v3,data/private/journalmix_v1/source_pdfs/route_map_or_flow/2305_01323v3.pdf,3,1,agfc,route_map_or_flow,hard,0.7,vector_only=8;flow_keyword_detected;dense_page_with_caption;atoms=50,artifacts/corpus_runs/20260420_215816_journalmix_v1_arxiv32/docs/18_2305_01323v3/pages/page_003/overlay.png,artifacts/corpus_runs/20260420_215816_journalmix_v1_arxiv32/docs/18_2305_01323v3/pages/page_003/figures.json,artifacts/corpus_runs/20260420_215816_journalmix_v1_arxiv32/docs/18_2305_01323v3/pages/page_003
c_0235,18_2305_01323v3,data/private/journalmix_v1/source_pdfs/route_map_or_flow/2305_01323v3.pdf,4,0,agfc,unknown,control,0.3,vector_only=1;no_figures;page_has_no_figures,artifacts/corpus_runs/20260420_215816_journalmix_v1_arxiv32/docs/18_2305_01323v3/pages/page_004/overlay.png,artifacts/corpus_runs/20260420_215816_journalmix_v1_arxiv32/docs/18_2305_01323v3/pages/page_004/figures.json,artifacts/corpus_runs/20260420_215816_journalmix_v1_arxiv32/docs/18_2305_01323v3/pages/page_004
c_0236,18_2305_01323v3,data/private/journalmix_v1/source_pdfs/route_map_or_flow/2305_01323v3.pdf,5,0,agfc,unknown,control,0.3,no_figures;page_has_no_figures,artifacts/corpus_runs/20260420_215816_journalmix_v1_arxiv32/docs/18_2305_01323v3/pages/page_005/overlay.png,artifacts/corpus_runs/20260420_215816_journalmix_v1_arxiv32/docs/18_2305_01323v3/pages/page_005/figures.json,artifacts/corpus_runs/20260420_215816_journalmix_v1_arxiv32/docs/18_2305_01323v3/pages/page_005
c_0237,18_2305_01323v3,data/private/journalmix_v1/source_pdfs/route_map_or_flow/2305_01323v3.pdf,6,0,agfc,unknown,control,0.3,no_figures;page_has_no_figures,artifacts/corpus_runs/20260420_215816_journalmix_v1_arxiv32/docs/18_2305_01323v3/pages/page_006/overlay.png,artifacts/corpus_runs/20260420_215816_journalmix_v1_arxiv32/docs/18_2305_01323v3/pages/page_006/figures.json,artifacts/corpus_runs/20260420_215816_journalmix_v1_arxiv32/docs/18_2305_01323v3/pages/page_006
c_0238,18_2305_01323v3,data/private/journalmix_v1/source_pdfs/route_map_or_flow/2305_01323v3.pdf,7,0,agfc,unknown,control,0.3,no_figures;page_has_no_figures,artifacts/corpus_runs/20260420_215816_journalmix_v1_arxiv32/docs/18_2305_01323v3/pages/page_007/overlay.png,artifacts/corpus_runs/20260420_215816_journalmix_v1_arxiv32/docs/18_2305_01323v3/pages/page_007/figures.json,artifacts/corpus_runs/20260420_215816_journalmix_v1_arxiv32/docs/18_2305_01323v3/pages/page_007
c_0239,18_2305_01323v3,data/private/journalmix_v1/source_pdfs/route_map_or_flow/2305_01323v3.pdf,8,0,agfc,unknown,control,0.3,no_figures;page_has_no_figures,artifacts/corpus_runs/20260420_215816_journalmix_v1_arxiv32/docs/18_2305_01323v3/pages/page_008/overlay.png,artifacts/corpus_runs/20260420_215816_journalmix_v1_arxiv32/docs/18_2305_01323v3/pages/page_008/figures.json,artifacts/corpus_runs/20260420_215816_journalmix_v1_arxiv32/docs/18_2305_01323v3/pages/page_008
c_0240,18_2305_01323v3,data/private/journalmix_v1/source_pdfs/route_map_or_flow/2305_01323v3.pdf,9,0,agfc,unknown,control,0.3,no_figures;page_has_no_figures,artifacts/corpus_runs/20260420_215816_journalmix_v1_arxiv32/docs/18_2305_01323v3/pages/page_009/overlay.png,artifacts/corpus_runs/20260420_215816_journalmix_v1_arxiv32/docs/18_2305_01323v3/pages/page_009/figures.json,artifacts/corpus_runs/20260420_215816_journalmix_v1_arxiv32/docs/18_2305_01323v3/pages/page_009
c_0241,18_2305_01323v3,data/private/journalmix_v1/source_pdfs/route_map_or_flow/2305_01323v3.pdf,10,0,agfc,unknown,control,0.3,no_figures;page_has_no_figures,artifacts/corpus_runs/20260420_215816_journalmix_v1_arxiv32/docs/18_2305_01323v3/pages/page_010/overlay.png,artifacts/corpus_runs/20260420_215816_journalmix_v1_arxiv32/docs/18_2305_01323v3/pages/page_010/figures.json,artifacts/corpus_runs/20260420_215816_journalmix_v1_arxiv32/docs/18_2305_01323v3/pages/page_010
c_0242,18_2305_01323v3,data/private/journalmix_v1/source_pdfs/route_map_or_flow/2305_01323v3.pdf,11,0,agfc,unknown,control,0.3,no_figures;page_has_no_figures,artifacts/corpus_runs/20260420_215816_journalmix_v1_arxiv32/docs/18_2305_01323v3/pages/page_011/overlay.png,artifacts/corpus_runs/20260420_215816_journalmix_v1_arxiv32/docs/18_2305_01323v3/pages/page_011/figures.json,artifacts/corpus_runs/20260420_215816_journalmix_v1_arxiv32/docs/18_2305_01323v3/pages/page_011
c_0243,18_2305_01323v3,data/private/journalmix_v1/source_pdfs/route_map_or_flow/2305_01323v3.pdf,12,1,agfc,route_map_or_flow,control,0.6,raster_single=1;flow_keyword_detected,artifacts/corpus_runs/20260420_215816_journalmix_v1_arxiv32/docs/18_2305_01323v3/pages/page_012/overlay.png,artifacts/corpus_runs/20260420_215816_journalmix_v1_arxiv32/docs/18_2305_01323v3/pages/page_012/figures.json,artifacts/corpus_runs/20260420_215816_journalmix_v1_arxiv32/docs/18_2305_01323v3/pages/page_012
c_0244,19_2407_05183v2,data/private/journalmix_v1/source_pdfs/route_map_or_flow/2407_05183v2.pdf,0,0,agfc,unknown,control,0.3,no_figures;page_has_no_figures,artifacts/corpus_runs/20260420_215816_journalmix_v1_arxiv32/docs/19_2407_05183v2/pages/page_000/overlay.png,artifacts/corpus_runs/20260420_215816_journalmix_v1_arxiv32/docs/19_2407_05183v2/pages/page_000/figures.json,artifacts/corpus_runs/20260420_215816_journalmix_v1_arxiv32/docs/19_2407_05183v2/pages/page_000
c_0245,19_2407_05183v2,data/private/journalmix_v1/source_pdfs/route_map_or_flow/2407_05183v2.pdf,1,2,agfc,route_map_or_flow,stress,0.65,vector=6;raster=3;flow_keyword_detected;multi_figure_page=2;many_panels=6,artifacts/corpus_runs/20260420_215816_journalmix_v1_arxiv32/docs/19_2407_05183v2/pages/page_001/overlay.png,artifacts/corpus_runs/20260420_215816_journalmix_v1_arxiv32/docs/19_2407_05183v2/pages/page_001/figures.json,artifacts/corpus_runs/20260420_215816_journalmix_v1_arxiv32/docs/19_2407_05183v2/pages/page_001
c_0246,19_2407_05183v2,data/private/journalmix_v1/source_pdfs/route_map_or_flow/2407_05183v2.pdf,2,2,agfc,route_map_or_flow,stress,0.65,raster_multi_panel=6;figs=2;flow_keyword_detected;multi_figure_page=2;many_panels=6,artifacts/corpus_runs/20260420_215816_journalmix_v1_arxiv32/docs/19_2407_05183v2/pages/page_002/overlay.png,artifacts/corpus_runs/20260420_215816_journalmix_v1_arxiv32/docs/19_2407_05183v2/pages/page_002/figures.json,artifacts/corpus_runs/20260420_215816_journalmix_v1_arxiv32/docs/19_2407_05183v2/pages/page_002
c_0247,19_2407_05183v2,data/private/journalmix_v1/source_pdfs/route_map_or_flow/2407_05183v2.pdf,3,0,agfc,unknown,control,0.3,no_figures;page_has_no_figures,artifacts/corpus_runs/20260420_215816_journalmix_v1_arxiv32/docs/19_2407_05183v2/pages/page_003/overlay.png,artifacts/corpus_runs/20260420_215816_journalmix_v1_arxiv32/docs/19_2407_05183v2/pages/page_003/figures.json,artifacts/corpus_runs/20260420_215816_journalmix_v1_arxiv32/docs/19_2407_05183v2/pages/page_003
c_0248,19_2407_05183v2,data/private/journalmix_v1/source_pdfs/route_map_or_flow/2407_05183v2.pdf,4,1,agfc,route_map_or_flow,control,0.7,vector_only=5;flow_keyword_detected,artifacts/corpus_runs/20260420_215816_journalmix_v1_arxiv32/docs/19_2407_05183v2/pages/page_004/overlay.png,artifacts/corpus_runs/20260420_215816_journalmix_v1_arxiv32/docs/19_2407_05183v2/pages/page_004/figures.json,artifacts/corpus_runs/20260420_215816_journalmix_v1_arxiv32/docs/19_2407_05183v2/pages/page_004
c_0249,19_2407_05183v2,data/private/journalmix_v1/source_pdfs/route_map_or_flow/2407_05183v2.pdf,5,1,agfc,route_map_or_flow,control,0.65,vector=4;raster=1;flow_keyword_detected,artifacts/corpus_runs/20260420_215816_journalmix_v1_arxiv32/docs/19_2407_05183v2/pages/page_005/overlay.png,artifacts/corpus_runs/20260420_215816_journalmix_v1_arxiv32/docs/19_2407_05183v2/pages/page_005/figures.json,artifacts/corpus_runs/20260420_215816_journalmix_v1_arxiv32/docs/19_2407_05183v2/pages/page_005
c_0250,19_2407_05183v2,data/private/journalmix_v1/source_pdfs/route_map_or_flow/2407_05183v2.pdf,6,1,agfc,route_map_or_flow,control,0.7,vector_only=4;flow_keyword_detected,artifacts/corpus_runs/20260420_215816_journalmix_v1_arxiv32/docs/19_2407_05183v2/pages/page_006/overlay.png,artifacts/corpus_runs/20260420_215816_journalmix_v1_arxiv32/docs/19_2407_05183v2/pages/page_006/figures.json,artifacts/corpus_runs/20260420_215816_journalmix_v1_arxiv32/docs/19_2407_05183v2/pages/page_006
c_0251,19_2407_05183v2,data/private/journalmix_v1/source_pdfs/route_map_or_flow/2407_05183v2.pdf,7,0,agfc,unknown,control,0.3,no_figures;page_has_no_figures,artifacts/corpus_runs/20260420_215816_journalmix_v1_arxiv32/docs/19_2407_05183v2/pages/page_007/overlay.png,artifacts/corpus_runs/20260420_215816_journalmix_v1_arxiv32/docs/19_2407_05183v2/pages/page_007/figures.json,artifacts/corpus_runs/20260420_215816_journalmix_v1_arxiv32/docs/19_2407_05183v2/pages/page_007
c_0252,19_2407_05183v2,data/private/journalmix_v1/source_pdfs/route_map_or_flow/2407_05183v2.pdf,8,1,agfc,route_map_or_flow,control,0.6,raster_single=1;flow_keyword_detected,artifacts/corpus_runs/20260420_215816_journalmix_v1_arxiv32/docs/19_2407_05183v2/pages/page_008/overlay.png,artifacts/corpus_runs/20260420_215816_journalmix_v1_arxiv32/docs/19_2407_05183v2/pages/page_008/figures.json,artifacts/corpus_runs/20260420_215816_journalmix_v1_arxiv32/docs/19_2407_05183v2/pages/page_008
c_0253,19_2407_05183v2,data/private/journalmix_v1/source_pdfs/route_map_or_flow/2407_05183v2.pdf,9,0,agfc,unknown,control,0.3,vector_only=4;no_figures;page_has_no_figures,artifacts/corpus_runs/20260420_215816_journalmix_v1_arxiv32/docs/19_2407_05183v2/pages/page_009/overlay.png,artifacts/corpus_runs/20260420_215816_journalmix_v1_arxiv32/docs/19_2407_05183v2/pages/page_009/figures.json,artifacts/corpus_runs/20260420_215816_journalmix_v1_arxiv32/docs/19_2407_05183v2/pages/page_009
c_0254,19_2407_05183v2,data/private/journalmix_v1/source_pdfs/route_map_or_flow/2407_05183v2.pdf,10,2,agfc,route_map_or_flow,hard,0.65,vector=9;raster=1;flow_keyword_detected;multi_figure_page=2,artifacts/corpus_runs/20260420_215816_journalmix_v1_arxiv32/docs/19_2407_05183v2/pages/page_010/overlay.png,artifacts/corpus_runs/20260420_215816_journalmix_v1_arxiv32/docs/19_2407_05183v2/pages/page_010/figures.json,artifacts/corpus_runs/20260420_215816_journalmix_v1_arxiv32/docs/19_2407_05183v2/pages/page_010
c_0255,19_2407_05183v2,data/private/journalmix_v1/source_pdfs/route_map_or_flow/2407_05183v2.pdf,11,1,agfc,route_map_or_flow,control,0.65,vector=2;raster=1;flow_keyword_detected,artifacts/corpus_runs/20260420_215816_journalmix_v1_arxiv32/docs/19_2407_05183v2/pages/page_011/overlay.png,artifacts/corpus_runs/20260420_215816_journalmix_v1_arxiv32/docs/19_2407_05183v2/pages/page_011/figures.json,artifacts/corpus_runs/20260420_215816_journalmix_v1_arxiv32/docs/19_2407_05183v2/pages/page_011
c_0256,19_2407_05183v2,data/private/journalmix_v1/source_pdfs/route_map_or_flow/2407_05183v2.pdf,12,2,agfc,route_map_or_flow,hard,0.65,vector=16;raster=1;flow_keyword_detected;multi_figure_page=2,artifacts/corpus_runs/20260420_215816_journalmix_v1_arxiv32/docs/19_2407_05183v2/pages/page_012/overlay.png,artifacts/corpus_runs/20260420_215816_journalmix_v1_arxiv32/docs/19_2407_05183v2/pages/page_012/figures.json,artifacts/corpus_runs/20260420_215816_journalmix_v1_arxiv32/docs/19_2407_05183v2/pages/page_012
c_0257,19_2407_05183v2,data/private/journalmix_v1/source_pdfs/route_map_or_flow/2407_05183v2.pdf,13,3,agfc,route_map_or_flow,stress,0.65,vector=5;raster=3;flow_keyword_detected;multi_figure_page=3;many_panels=5,artifacts/corpus_runs/20260420_215816_journalmix_v1_arxiv32/docs/19_2407_05183v2/pages/page_013/overlay.png,artifacts/corpus_runs/20260420_215816_journalmix_v1_arxiv32/docs/19_2407_05183v2/pages/page_013/figures.json,artifacts/corpus_runs/20260420_215816_journalmix_v1_arxiv32/docs/19_2407_05183v2/pages/page_013
c_0258,20_2503_06706v3,data/private/journalmix_v1/source_pdfs/route_map_or_flow/2503_06706v3.pdf,0,1,agfc,route_map_or_flow,stress,0.65,vector=8;raster=6;flow_keyword_detected;many_panels=7,artifacts/corpus_runs/20260420_215816_journalmix_v1_arxiv32/docs/20_2503_06706v3/pages/page_000/overlay.png,artifacts/corpus_runs/20260420_215816_journalmix_v1_arxiv32/docs/20_2503_06706v3/pages/page_000/figures.json,artifacts/corpus_runs/20260420_215816_journalmix_v1_arxiv32/docs/20_2503_06706v3/pages/page_000
c_0259,20_2503_06706v3,data/private/journalmix_v1/source_pdfs/route_map_or_flow/2503_06706v3.pdf,1,0,agfc,unknown,control,0.3,no_figures;page_has_no_figures,artifacts/corpus_runs/20260420_215816_journalmix_v1_arxiv32/docs/20_2503_06706v3/pages/page_001/overlay.png,artifacts/corpus_runs/20260420_215816_journalmix_v1_arxiv32/docs/20_2503_06706v3/pages/page_001/figures.json,artifacts/corpus_runs/20260420_215816_journalmix_v1_arxiv32/docs/20_2503_06706v3/pages/page_001
c_0260,20_2503_06706v3,data/private/journalmix_v1/source_pdfs/route_map_or_flow/2503_06706v3.pdf,2,1,agfc,route_map_or_flow,control,0.65,vector=1;raster=1;flow_keyword_detected,artifacts/corpus_runs/20260420_215816_journalmix_v1_arxiv32/docs/20_2503_06706v3/pages/page_002/overlay.png,artifacts/corpus_runs/20260420_215816_journalmix_v1_arxiv32/docs/20_2503_06706v3/pages/page_002/figures.json,artifacts/corpus_runs/20260420_215816_journalmix_v1_arxiv32/docs/20_2503_06706v3/pages/page_002
c_0261,20_2503_06706v3,data/private/journalmix_v1/source_pdfs/route_map_or_flow/2503_06706v3.pdf,3,0,agfc,unknown,control,0.3,no_figures;page_has_no_figures,artifacts/corpus_runs/20260420_215816_journalmix_v1_arxiv32/docs/20_2503_06706v3/pages/page_003/overlay.png,artifacts/corpus_runs/20260420_215816_journalmix_v1_arxiv32/docs/20_2503_06706v3/pages/page_003/figures.json,artifacts/corpus_runs/20260420_215816_journalmix_v1_arxiv32/docs/20_2503_06706v3/pages/page_003
c_0262,20_2503_06706v3,data/private/journalmix_v1/source_pdfs/route_map_or_flow/2503_06706v3.pdf,4,1,agfc,vector_dominant,control,0.7,vector_only=10,artifacts/corpus_runs/20260420_215816_journalmix_v1_arxiv32/docs/20_2503_06706v3/pages/page_004/overlay.png,artifacts/corpus_runs/20260420_215816_journalmix_v1_arxiv32/docs/20_2503_06706v3/pages/page_004/figures.json,artifacts/corpus_runs/20260420_215816_journalmix_v1_arxiv32/docs/20_2503_06706v3/pages/page_004
c_0263,20_2503_06706v3,data/private/journalmix_v1/source_pdfs/route_map_or_flow/2503_06706v3.pdf,5,0,agfc,unknown,control,0.3,no_figures;page_has_no_figures,artifacts/corpus_runs/20260420_215816_journalmix_v1_arxiv32/docs/20_2503_06706v3/pages/page_005/overlay.png,artifacts/corpus_runs/20260420_215816_journalmix_v1_arxiv32/docs/20_2503_06706v3/pages/page_005/figures.json,artifacts/corpus_runs/20260420_215816_journalmix_v1_arxiv32/docs/20_2503_06706v3/pages/page_005
c_0264,20_2503_06706v3,data/private/journalmix_v1/source_pdfs/route_map_or_flow/2503_06706v3.pdf,6,1,agfc,mixed_vector_raster,stress,0.65,vector=33;raster=3;dense_page_with_caption;atoms=174;very_dense_page;atoms=174,artifacts/corpus_runs/20260420_215816_journalmix_v1_arxiv32/docs/20_2503_06706v3/pages/page_006/overlay.png,artifacts/corpus_runs/20260420_215816_journalmix_v1_arxiv32/docs/20_2503_06706v3/pages/page_006/figures.json,artifacts/corpus_runs/20260420_215816_journalmix_v1_arxiv32/docs/20_2503_06706v3/pages/page_006
c_0265,20_2503_06706v3,data/private/journalmix_v1/source_pdfs/route_map_or_flow/2503_06706v3.pdf,7,0,agfc,unknown,control,0.3,no_figures;page_has_no_figures,artifacts/corpus_runs/20260420_215816_journalmix_v1_arxiv32/docs/20_2503_06706v3/pages/page_007/overlay.png,artifacts/corpus_runs/20260420_215816_journalmix_v1_arxiv32/docs/20_2503_06706v3/pages/page_007/figures.json,artifacts/corpus_runs/20260420_215816_journalmix_v1_arxiv32/docs/20_2503_06706v3/pages/page_007
c_0266,20_2503_06706v3,data/private/journalmix_v1/source_pdfs/route_map_or_flow/2503_06706v3.pdf,8,0,agfc,unknown,control,0.3,no_figures;page_has_no_figures,artifacts/corpus_runs/20260420_215816_journalmix_v1_arxiv32/docs/20_2503_06706v3/pages/page_008/overlay.png,artifacts/corpus_runs/20260420_215816_journalmix_v1_arxiv32/docs/20_2503_06706v3/pages/page_008/figures.json,artifacts/corpus_runs/20260420_215816_journalmix_v1_arxiv32/docs/20_2503_06706v3/pages/page_008
c_0267,20_2503_06706v3,data/private/journalmix_v1/source_pdfs/route_map_or_flow/2503_06706v3.pdf,9,0,agfc,unknown,control,0.3,no_figures;page_has_no_figures,artifacts/corpus_runs/20260420_215816_journalmix_v1_arxiv32/docs/20_2503_06706v3/pages/page_009/overlay.png,artifacts/corpus_runs/20260420_215816_journalmix_v1_arxiv32/docs/20_2503_06706v3/pages/page_009/figures.json,artifacts/corpus_runs/20260420_215816_journalmix_v1_arxiv32/docs/20_2503_06706v3/pages/page_009
c_0268,20_2503_06706v3,data/private/journalmix_v1/source_pdfs/route_map_or_flow/2503_06706v3.pdf,10,0,agfc,unknown,control,0.3,no_figures;page_has_no_figures,artifacts/corpus_runs/20260420_215816_journalmix_v1_arxiv32/docs/20_2503_06706v3/pages/page_010/overlay.png,artifacts/corpus_runs/20260420_215816_journalmix_v1_arxiv32/docs/20_2503_06706v3/pages/page_010/figures.json,artifacts/corpus_runs/20260420_215816_journalmix_v1_arxiv32/docs/20_2503_06706v3/pages/page_010
c_0269,20_2503_06706v3,data/private/journalmix_v1/source_pdfs/route_map_or_flow/2503_06706v3.pdf,11,0,agfc,unknown,control,0.3,no_figures;page_has_no_figures,artifacts/corpus_runs/20260420_215816_journalmix_v1_arxiv32/docs/20_2503_06706v3/pages/page_011/overlay.png,artifacts/corpus_runs/20260420_215816_journalmix_v1_arxiv32/docs/20_2503_06706v3/pages/page_011/figures.json,artifacts/corpus_runs/20260420_215816_journalmix_v1_arxiv32/docs/20_2503_06706v3/pages/page_011
c_0270,20_2503_06706v3,data/private/journalmix_v1/source_pdfs/route_map_or_flow/2503_06706v3.pdf,12,0,agfc,unknown,control,0.3,no_figures;page_has_no_figures,artifacts/corpus_runs/20260420_215816_journalmix_v1_arxiv32/docs/20_2503_06706v3/pages/page_012/overlay.png,artifacts/corpus_runs/20260420_215816_journalmix_v1_arxiv32/docs/20_2503_06706v3/pages/page_012/figures.json,artifacts/corpus_runs/20260420_215816_journalmix_v1_arxiv32/docs/20_2503_06706v3/pages/page_012
c_0271,20_2503_06706v3,data/private/journalmix_v1/source_pdfs/route_map_or_flow/2503_06706v3.pdf,13,0,agfc,unknown,control,0.3,no_figures;page_has_no_figures,artifacts/corpus_runs/20260420_215816_journalmix_v1_arxiv32/docs/20_2503_06706v3/pages/page_013/overlay.png,artifacts/corpus_runs/20260420_215816_journalmix_v1_arxiv32/docs/20_2503_06706v3/pages/page_013/figures.json,artifacts/corpus_runs/20260420_215816_journalmix_v1_arxiv32/docs/20_2503_06706v3/pages/page_013
c_0272,20_2503_06706v3,data/private/journalmix_v1/source_pdfs/route_map_or_flow/2503_06706v3.pdf,14,0,agfc,unknown,control,0.3,no_figures;page_has_no_figures,artifacts/corpus_runs/20260420_215816_journalmix_v1_arxiv32/docs/20_2503_06706v3/pages/page_014/overlay.png,artifacts/corpus_runs/20260420_215816_journalmix_v1_arxiv32/docs/20_2503_06706v3/pages/page_014/figures.json,artifacts/corpus_runs/20260420_215816_journalmix_v1_arxiv32/docs/20_2503_06706v3/pages/page_014
c_0273,20_2503_06706v3,data/private/journalmix_v1/source_pdfs/route_map_or_flow/2503_06706v3.pdf,15,0,agfc,unknown,control,0.3,no_figures;page_has_no_figures,artifacts/corpus_runs/20260420_215816_journalmix_v1_arxiv32/docs/20_2503_06706v3/pages/page_015/overlay.png,artifacts/corpus_runs/20260420_215816_journalmix_v1_arxiv32/docs/20_2503_06706v3/pages/page_015/figures.json,artifacts/corpus_runs/20260420_215816_journalmix_v1_arxiv32/docs/20_2503_06706v3/pages/page_015
c_0274,20_2503_06706v3,data/private/journalmix_v1/source_pdfs/route_map_or_flow/2503_06706v3.pdf,16,0,agfc,unknown,control,0.3,no_figures;page_has_no_figures,artifacts/corpus_runs/20260420_215816_journalmix_v1_arxiv32/docs/20_2503_06706v3/pages/page_016/overlay.png,artifacts/corpus_runs/20260420_215816_journalmix_v1_arxiv32/docs/20_2503_06706v3/pages/page_016/figures.json,artifacts/corpus_runs/20260420_215816_journalmix_v1_arxiv32/docs/20_2503_06706v3/pages/page_016
c_0275,20_2503_06706v3,data/private/journalmix_v1/source_pdfs/route_map_or_flow/2503_06706v3.pdf,17,0,agfc,unknown,control,0.3,vector=5;raster=1;no_figures;page_has_no_figures,artifacts/corpus_runs/20260420_215816_journalmix_v1_arxiv32/docs/20_2503_06706v3/pages/page_017/overlay.png,artifacts/corpus_runs/20260420_215816_journalmix_v1_arxiv32/docs/20_2503_06706v3/pages/page_017/figures.json,artifacts/corpus_runs/20260420_215816_journalmix_v1_arxiv32/docs/20_2503_06706v3/pages/page_017
c_0276,20_2503_06706v3,data/private/journalmix_v1/source_pdfs/route_map_or_flow/2503_06706v3.pdf,18,0,agfc,unknown,control,0.3,vector=5;raster=1;no_figures;page_has_no_figures,artifacts/corpus_runs/20260420_215816_journalmix_v1_arxiv32/docs/20_2503_06706v3/pages/page_018/overlay.png,artifacts/corpus_runs/20260420_215816_journalmix_v1_arxiv32/docs/20_2503_06706v3/pages/page_018/figures.json,artifacts/corpus_runs/20260420_215816_journalmix_v1_arxiv32/docs/20_2503_06706v3/pages/page_018
c_0277,20_2503_06706v3,data/private/journalmix_v1/source_pdfs/route_map_or_flow/2503_06706v3.pdf,19,0,agfc,unknown,control,0.3,vector=5;raster=1;no_figures;page_has_no_figures,artifacts/corpus_runs/20260420_215816_journalmix_v1_arxiv32/docs/20_2503_06706v3/pages/page_019/overlay.png,artifacts/corpus_runs/20260420_215816_journalmix_v1_arxiv32/docs/20_2503_06706v3/pages/page_019/figures.json,artifacts/corpus_runs/20260420_215816_journalmix_v1_arxiv32/docs/20_2503_06706v3/pages/page_019
c_0278,20_2503_06706v3,data/private/journalmix_v1/source_pdfs/route_map_or_flow/2503_06706v3.pdf,20,0,agfc,unknown,control,0.3,no_figures;page_has_no_figures,artifacts/corpus_runs/20260420_215816_journalmix_v1_arxiv32/docs/20_2503_06706v3/pages/page_020/overlay.png,artifacts/corpus_runs/20260420_215816_journalmix_v1_arxiv32/docs/20_2503_06706v3/pages/page_020/figures.json,artifacts/corpus_runs/20260420_215816_journalmix_v1_arxiv32/docs/20_2503_06706v3/pages/page_020
c_0279,20_2503_06706v3,data/private/journalmix_v1/source_pdfs/route_map_or_flow/2503_06706v3.pdf,21,0,agfc,unknown,control,0.3,no_figures;page_has_no_figures,artifacts/corpus_runs/20260420_215816_journalmix_v1_arxiv32/docs/20_2503_06706v3/pages/page_021/overlay.png,artifacts/corpus_runs/20260420_215816_journalmix_v1_arxiv32/docs/20_2503_06706v3/pages/page_021/figures.json,artifacts/corpus_runs/20260420_215816_journalmix_v1_arxiv32/docs/20_2503_06706v3/pages/page_021
c_0280,20_2503_06706v3,data/private/journalmix_v1/source_pdfs/route_map_or_flow/2503_06706v3.pdf,22,0,agfc,unknown,control,0.3,no_figures;page_has_no_figures,artifacts/corpus_runs/20260420_215816_journalmix_v1_arxiv32/docs/20_2503_06706v3/pages/page_022/overlay.png,artifacts/corpus_runs/20260420_215816_journalmix_v1_arxiv32/docs/20_2503_06706v3/pages/page_022/figures.json,artifacts/corpus_runs/20260420_215816_journalmix_v1_arxiv32/docs/20_2503_06706v3/pages/page_022
c_0281,20_2503_06706v3,data/private/journalmix_v1/source_pdfs/route_map_or_flow/2503_06706v3.pdf,23,0,agfc,unknown,control,0.3,no_figures;page_has_no_figures,artifacts/corpus_runs/20260420_215816_journalmix_v1_arxiv32/docs/20_2503_06706v3/pages/page_023/overlay.png,artifacts/corpus_runs/20260420_215816_journalmix_v1_arxiv32/docs/20_2503_06706v3/pages/page_023/figures.json,artifacts/corpus_runs/20260420_215816_journalmix_v1_arxiv32/docs/20_2503_06706v3/pages/page_023
c_0282,21_2506_01344v1,data/private/journalmix_v1/source_pdfs/route_map_or_flow/2506_01344v1.pdf,0,2,agfc,route_map_or_flow,stress,0.65,vector=20;raster=12;flow_keyword_detected;multi_figure_page=2;very_dense_page;atoms=106;many_panels=10,artifacts/corpus_runs/20260420_215816_journalmix_v1_arxiv32/docs/21_2506_01344v1/pages/page_000/overlay.png,artifacts/corpus_runs/20260420_215816_journalmix_v1_arxiv32/docs/21_2506_01344v1/pages/page_000/figures.json,artifacts/corpus_runs/20260420_215816_journalmix_v1_arxiv32/docs/21_2506_01344v1/pages/page_000
c_0283,21_2506_01344v1,data/private/journalmix_v1/source_pdfs/route_map_or_flow/2506_01344v1.pdf,1,0,agfc,unknown,control,0.3,no_figures;page_has_no_figures,artifacts/corpus_runs/20260420_215816_journalmix_v1_arxiv32/docs/21_2506_01344v1/pages/page_001/overlay.png,artifacts/corpus_runs/20260420_215816_journalmix_v1_arxiv32/docs/21_2506_01344v1/pages/page_001/figures.json,artifacts/corpus_runs/20260420_215816_journalmix_v1_arxiv32/docs/21_2506_01344v1/pages/page_001
c_0284,21_2506_01344v1,data/private/journalmix_v1/source_pdfs/route_map_or_flow/2506_01344v1.pdf,2,0,agfc,unknown,control,0.3,no_figures;page_has_no_figures,artifacts/corpus_runs/20260420_215816_journalmix_v1_arxiv32/docs/21_2506_01344v1/pages/page_002/overlay.png,artifacts/corpus_runs/20260420_215816_journalmix_v1_arxiv32/docs/21_2506_01344v1/pages/page_002/figures.json,artifacts/corpus_runs/20260420_215816_journalmix_v1_arxiv32/docs/21_2506_01344v1/pages/page_002
c_0285,21_2506_01344v1,data/private/journalmix_v1/source_pdfs/route_map_or_flow/2506_01344v1.pdf,3,0,agfc,unknown,control,0.3,no_figures;page_has_no_figures,artifacts/corpus_runs/20260420_215816_journalmix_v1_arxiv32/docs/21_2506_01344v1/pages/page_003/overlay.png,artifacts/corpus_runs/20260420_215816_journalmix_v1_arxiv32/docs/21_2506_01344v1/pages/page_003/figures.json,artifacts/corpus_runs/20260420_215816_journalmix_v1_arxiv32/docs/21_2506_01344v1/pages/page_003
c_0286,21_2506_01344v1,data/private/journalmix_v1/source_pdfs/route_map_or_flow/2506_01344v1.pdf,4,1,agfc,route_map_or_flow,stress,0.65,vector=28;raster=3;flow_keyword_detected;dense_page_with_caption;atoms=94;very_dense_page;atoms=94;many_panels=5,artifacts/corpus_runs/20260420_215816_journalmix_v1_arxiv32/docs/21_2506_01344v1/pages/page_004/overlay.png,artifacts/corpus_runs/20260420_215816_journalmix_v1_arxiv32/docs/21_2506_01344v1/pages/page_004/figures.json,artifacts/corpus_runs/20260420_215816_journalmix_v1_arxiv32/docs/21_2506_01344v1/pages/page_004
c_0287,21_2506_01344v1,data/private/journalmix_v1/source_pdfs/route_map_or_flow/2506_01344v1.pdf,5,0,agfc,unknown,control,0.3,no_figures;page_has_no_figures,artifacts/corpus_runs/20260420_215816_journalmix_v1_arxiv32/docs/21_2506_01344v1/pages/page_005/overlay.png,artifacts/corpus_runs/20260420_215816_journalmix_v1_arxiv32/docs/21_2506_01344v1/pages/page_005/figures.json,artifacts/corpus_runs/20260420_215816_journalmix_v1_arxiv32/docs/21_2506_01344v1/pages/page_005
c_0288,21_2506_01344v1,data/private/journalmix_v1/source_pdfs/route_map_or_flow/2506_01344v1.pdf,6,2,agfc,route_map_or_flow,hard,0.65,vector=7;raster=2;flow_keyword_detected;multi_figure_page=2,artifacts/corpus_runs/20260420_215816_journalmix_v1_arxiv32/docs/21_2506_01344v1/pages/page_006/overlay.png,artifacts/corpus_runs/20260420_215816_journalmix_v1_arxiv32/docs/21_2506_01344v1/pages/page_006/figures.json,artifacts/corpus_runs/20260420_215816_journalmix_v1_arxiv32/docs/21_2506_01344v1/pages/page_006
c_0289,21_2506_01344v1,data/private/journalmix_v1/source_pdfs/route_map_or_flow/2506_01344v1.pdf,7,3,agfc,route_map_or_flow,stress,0.65,vector=13;raster=2;flow_keyword_detected;multi_figure_page=3;very_dense_page;atoms=89,artifacts/corpus_runs/20260420_215816_journalmix_v1_arxiv32/docs/21_2506_01344v1/pages/page_007/overlay.png,artifacts/corpus_runs/20260420_215816_journalmix_v1_arxiv32/docs/21_2506_01344v1/pages/page_007/figures.json,artifacts/corpus_runs/20260420_215816_journalmix_v1_arxiv32/docs/21_2506_01344v1/pages/page_007
c_0290,21_2506_01344v1,data/private/journalmix_v1/source_pdfs/route_map_or_flow/2506_01344v1.pdf,8,0,agfc,unknown,control,0.3,no_figures;page_has_no_figures,artifacts/corpus_runs/20260420_215816_journalmix_v1_arxiv32/docs/21_2506_01344v1/pages/page_008/overlay.png,artifacts/corpus_runs/20260420_215816_journalmix_v1_arxiv32/docs/21_2506_01344v1/pages/page_008/figures.json,artifacts/corpus_runs/20260420_215816_journalmix_v1_arxiv32/docs/21_2506_01344v1/pages/page_008
c_0291,21_2506_01344v1,data/private/journalmix_v1/source_pdfs/route_map_or_flow/2506_01344v1.pdf,9,0,agfc,unknown,control,0.3,no_figures;page_has_no_figures,artifacts/corpus_runs/20260420_215816_journalmix_v1_arxiv32/docs/21_2506_01344v1/pages/page_009/overlay.png,artifacts/corpus_runs/20260420_215816_journalmix_v1_arxiv32/docs/21_2506_01344v1/pages/page_009/figures.json,artifacts/corpus_runs/20260420_215816_journalmix_v1_arxiv32/docs/21_2506_01344v1/pages/page_009
c_0292,21_2506_01344v1,data/private/journalmix_v1/source_pdfs/route_map_or_flow/2506_01344v1.pdf,10,0,agfc,unknown,control,0.3,no_figures;page_has_no_figures,artifacts/corpus_runs/20260420_215816_journalmix_v1_arxiv32/docs/21_2506_01344v1/pages/page_010/overlay.png,artifacts/corpus_runs/20260420_215816_journalmix_v1_arxiv32/docs/21_2506_01344v1/pages/page_010/figures.json,artifacts/corpus_runs/20260420_215816_journalmix_v1_arxiv32/docs/21_2506_01344v1/pages/page_010
c_0293,21_2506_01344v1,data/private/journalmix_v1/source_pdfs/route_map_or_flow/2506_01344v1.pdf,11,2,agfc,route_map_or_flow,hard,0.65,vector=5;raster=3;flow_keyword_detected;multi_figure_page=2,artifacts/corpus_runs/20260420_215816_journalmix_v1_arxiv32/docs/21_2506_01344v1/pages/page_011/overlay.png,artifacts/corpus_runs/20260420_215816_journalmix_v1_arxiv32/docs/21_2506_01344v1/pages/page_011/figures.json,artifacts/corpus_runs/20260420_215816_journalmix_v1_arxiv32/docs/21_2506_01344v1/pages/page_011
c_0294,21_2506_01344v1,data/private/journalmix_v1/source_pdfs/route_map_or_flow/2506_01344v1.pdf,12,1,agfc,route_map_or_flow,stress,0.65,vector=11;raster=6;flow_keyword_detected;many_panels=8,artifacts/corpus_runs/20260420_215816_journalmix_v1_arxiv32/docs/21_2506_01344v1/pages/page_012/overlay.png,artifacts/corpus_runs/20260420_215816_journalmix_v1_arxiv32/docs/21_2506_01344v1/pages/page_012/figures.json,artifacts/corpus_runs/20260420_215816_journalmix_v1_arxiv32/docs/21_2506_01344v1/pages/page_012
c_0295,21_2506_01344v1,data/private/journalmix_v1/source_pdfs/route_map_or_flow/2506_01344v1.pdf,13,0,agfc,unknown,control,0.3,no_figures;page_has_no_figures,artifacts/corpus_runs/20260420_215816_journalmix_v1_arxiv32/docs/21_2506_01344v1/pages/page_013/overlay.png,artifacts/corpus_runs/20260420_215816_journalmix_v1_arxiv32/docs/21_2506_01344v1/pages/page_013/figures.json,artifacts/corpus_runs/20260420_215816_journalmix_v1_arxiv32/docs/21_2506_01344v1/pages/page_013
c_0296,21_2506_01344v1,data/private/journalmix_v1/source_pdfs/route_map_or_flow/2506_01344v1.pdf,14,1,agfc,route_map_or_flow,stress,0.65,vector=16;raster=6;flow_keyword_detected;dense_page_with_caption;atoms=52;many_panels=7,artifacts/corpus_runs/20260420_215816_journalmix_v1_arxiv32/docs/21_2506_01344v1/pages/page_014/overlay.png,artifacts/corpus_runs/20260420_215816_journalmix_v1_arxiv32/docs/21_2506_01344v1/pages/page_014/figures.json,artifacts/corpus_runs/20260420_215816_journalmix_v1_arxiv32/docs/21_2506_01344v1/pages/page_014
c_0297,21_2506_01344v1,data/private/journalmix_v1/source_pdfs/route_map_or_flow/2506_01344v1.pdf,15,1,agfc,compound_multi_panel,stress,0.65,vector=21;raster=6;high_panel_count=6;dense_page_with_caption;atoms=55;many_panels=6,artifacts/corpus_runs/20260420_215816_journalmix_v1_arxiv32/docs/21_2506_01344v1/pages/page_015/overlay.png,artifacts/corpus_runs/20260420_215816_journalmix_v1_arxiv32/docs/21_2506_01344v1/pages/page_015/figures.json,artifacts/corpus_runs/20260420_215816_journalmix_v1_arxiv32/docs/21_2506_01344v1/pages/page_015
c_0298,21_2506_01344v1,data/private/journalmix_v1/source_pdfs/route_map_or_flow/2506_01344v1.pdf,16,1,agfc,compound_multi_panel,stress,0.65,vector=17;raster=3;high_panel_count=5;dense_page_with_caption;atoms=52;many_panels=5,artifacts/corpus_runs/20260420_215816_journalmix_v1_arxiv32/docs/21_2506_01344v1/pages/page_016/overlay.png,artifacts/corpus_runs/20260420_215816_journalmix_v1_arxiv32/docs/21_2506_01344v1/pages/page_016/figures.json,artifacts/corpus_runs/20260420_215816_journalmix_v1_arxiv32/docs/21_2506_01344v1/pages/page_016
c_0299,21_2506_01344v1,data/private/journalmix_v1/source_pdfs/route_map_or_flow/2506_01344v1.pdf,17,1,agfc,route_map_or_flow,control,0.65,vector=16;raster=2;flow_keyword_detected,artifacts/corpus_runs/20260420_215816_journalmix_v1_arxiv32/docs/21_2506_01344v1/pages/page_017/overlay.png,artifacts/corpus_runs/20260420_215816_journalmix_v1_arxiv32/docs/21_2506_01344v1/pages/page_017/figures.json,artifacts/corpus_runs/20260420_215816_journalmix_v1_arxiv32/docs/21_2506_01344v1/pages/page_017
c_0300,21_2506_01344v1,data/private/journalmix_v1/source_pdfs/route_map_or_flow/2506_01344v1.pdf,18,1,agfc,route_map_or_flow,control,0.7,vector_only=7;flow_keyword_detected,artifacts/corpus_runs/20260420_215816_journalmix_v1_arxiv32/docs/21_2506_01344v1/pages/page_018/overlay.png,artifacts/corpus_runs/20260420_215816_journalmix_v1_arxiv32/docs/21_2506_01344v1/pages/page_018/figures.json,artifacts/corpus_runs/20260420_215816_journalmix_v1_arxiv32/docs/21_2506_01344v1/pages/page_018
c_0301,21_2506_01344v1,data/private/journalmix_v1/source_pdfs/route_map_or_flow/2506_01344v1.pdf,19,2,agfc,route_map_or_flow,stress,0.65,vector=12;raster=4;flow_keyword_detected;multi_figure_page=2;very_dense_page;atoms=94;many_panels=6,artifacts/corpus_runs/20260420_215816_journalmix_v1_arxiv32/docs/21_2506_01344v1/pages/page_019/overlay.png,artifacts/corpus_runs/20260420_215816_journalmix_v1_arxiv32/docs/21_2506_01344v1/pages/page_019/figures.json,artifacts/corpus_runs/20260420_215816_journalmix_v1_arxiv32/docs/21_2506_01344v1/pages/page_019
c_0302,21_2506_01344v1,data/private/journalmix_v1/source_pdfs/route_map_or_flow/2506_01344v1.pdf,20,1,agfc,route_map_or_flow,control,0.7,vector_only=2;flow_keyword_detected,artifacts/corpus_runs/20260420_215816_journalmix_v1_arxiv32/docs/21_2506_01344v1/pages/page_020/overlay.png,artifacts/corpus_runs/20260420_215816_journalmix_v1_arxiv32/docs/21_2506_01344v1/pages/page_020/figures.json,artifacts/corpus_runs/20260420_215816_journalmix_v1_arxiv32/docs/21_2506_01344v1/pages/page_020
c_0303,21_2506_01344v1,data/private/journalmix_v1/source_pdfs/route_map_or_flow/2506_01344v1.pdf,21,1,agfc,route_map_or_flow,stress,0.65,vector=8;raster=12;flow_keyword_detected;dense_page_with_caption;atoms=50;many_panels=11,artifacts/corpus_runs/20260420_215816_journalmix_v1_arxiv32/docs/21_2506_01344v1/pages/page_021/overlay.png,artifacts/corpus_runs/20260420_215816_journalmix_v1_arxiv32/docs/21_2506_01344v1/pages/page_021/figures.json,artifacts/corpus_runs/20260420_215816_journalmix_v1_arxiv32/docs/21_2506_01344v1/pages/page_021
c_0304,21_2506_01344v1,data/private/journalmix_v1/source_pdfs/route_map_or_flow/2506_01344v1.pdf,22,1,agfc,compound_multi_panel,stress,0.65,raster_multi_panel=6;figs=1;many_panels=6,artifacts/corpus_runs/20260420_215816_journalmix_v1_arxiv32/docs/21_2506_01344v1/pages/page_022/overlay.png,artifacts/corpus_runs/20260420_215816_journalmix_v1_arxiv32/docs/21_2506_01344v1/pages/page_022/figures.json,artifacts/corpus_runs/20260420_215816_journalmix_v1_arxiv32/docs/21_2506_01344v1/pages/page_022
c_0305,21_2506_01344v1,data/private/journalmix_v1/source_pdfs/route_map_or_flow/2506_01344v1.pdf,23,1,agfc,mixed_vector_raster,control,0.4,raster_single=1,artifacts/corpus_runs/20260420_215816_journalmix_v1_arxiv32/docs/21_2506_01344v1/pages/page_023/overlay.png,artifacts/corpus_runs/20260420_215816_journalmix_v1_arxiv32/docs/21_2506_01344v1/pages/page_023/figures.json,artifacts/corpus_runs/20260420_215816_journalmix_v1_arxiv32/docs/21_2506_01344v1/pages/page_023
c_0306,22_2506_02073v1,data/private/journalmix_v1/source_pdfs/route_map_or_flow/2506_02073v1.pdf,0,0,agfc,unknown,control,0.3,no_figures;page_has_no_figures,artifacts/corpus_runs/20260420_215816_journalmix_v1_arxiv32/docs/22_2506_02073v1/pages/page_000/overlay.png,artifacts/corpus_runs/20260420_215816_journalmix_v1_arxiv32/docs/22_2506_02073v1/pages/page_000/figures.json,artifacts/corpus_runs/20260420_215816_journalmix_v1_arxiv32/docs/22_2506_02073v1/pages/page_000
c_0307,22_2506_02073v1,data/private/journalmix_v1/source_pdfs/route_map_or_flow/2506_02073v1.pdf,1,0,agfc,unknown,control,0.3,no_figures;page_has_no_figures,artifacts/corpus_runs/20260420_215816_journalmix_v1_arxiv32/docs/22_2506_02073v1/pages/page_001/overlay.png,artifacts/corpus_runs/20260420_215816_journalmix_v1_arxiv32/docs/22_2506_02073v1/pages/page_001/figures.json,artifacts/corpus_runs/20260420_215816_journalmix_v1_arxiv32/docs/22_2506_02073v1/pages/page_001
c_0308,22_2506_02073v1,data/private/journalmix_v1/source_pdfs/route_map_or_flow/2506_02073v1.pdf,2,1,agfc,route_map_or_flow,stress,0.65,vector=20;raster=11;flow_keyword_detected;dense_page_with_caption;atoms=134;very_dense_page;atoms=134;many_panels=12,artifacts/corpus_runs/20260420_215816_journalmix_v1_arxiv32/docs/22_2506_02073v1/pages/page_002/overlay.png,artifacts/corpus_runs/20260420_215816_journalmix_v1_arxiv32/docs/22_2506_02073v1/pages/page_002/figures.json,artifacts/corpus_runs/20260420_215816_journalmix_v1_arxiv32/docs/22_2506_02073v1/pages/page_002
c_0309,22_2506_02073v1,data/private/journalmix_v1/source_pdfs/route_map_or_flow/2506_02073v1.pdf,3,0,agfc,unknown,control,0.3,no_figures;page_has_no_figures,artifacts/corpus_runs/20260420_215816_journalmix_v1_arxiv32/docs/22_2506_02073v1/pages/page_003/overlay.png,artifacts/corpus_runs/20260420_215816_journalmix_v1_arxiv32/docs/22_2506_02073v1/pages/page_003/figures.json,artifacts/corpus_runs/20260420_215816_journalmix_v1_arxiv32/docs/22_2506_02073v1/pages/page_003
c_0310,22_2506_02073v1,data/private/journalmix_v1/source_pdfs/route_map_or_flow/2506_02073v1.pdf,4,1,agfc,route_map_or_flow,control,0.7,vector_only=11;flow_keyword_detected,artifacts/corpus_runs/20260420_215816_journalmix_v1_arxiv32/docs/22_2506_02073v1/pages/page_004/overlay.png,artifacts/corpus_runs/20260420_215816_journalmix_v1_arxiv32/docs/22_2506_02073v1/pages/page_004/figures.json,artifacts/corpus_runs/20260420_215816_journalmix_v1_arxiv32/docs/22_2506_02073v1/pages/page_004
c_0311,22_2506_02073v1,data/private/journalmix_v1/source_pdfs/route_map_or_flow/2506_02073v1.pdf,5,0,agfc,unknown,control,0.3,no_figures;page_has_no_figures,artifacts/corpus_runs/20260420_215816_journalmix_v1_arxiv32/docs/22_2506_02073v1/pages/page_005/overlay.png,artifacts/corpus_runs/20260420_215816_journalmix_v1_arxiv32/docs/22_2506_02073v1/pages/page_005/figures.json,artifacts/corpus_runs/20260420_215816_journalmix_v1_arxiv32/docs/22_2506_02073v1/pages/page_005
c_0312,22_2506_02073v1,data/private/journalmix_v1/source_pdfs/route_map_or_flow/2506_02073v1.pdf,6,0,agfc,unknown,control,0.3,no_figures;page_has_no_figures,artifacts/corpus_runs/20260420_215816_journalmix_v1_arxiv32/docs/22_2506_02073v1/pages/page_006/overlay.png,artifacts/corpus_runs/20260420_215816_journalmix_v1_arxiv32/docs/22_2506_02073v1/pages/page_006/figures.json,artifacts/corpus_runs/20260420_215816_journalmix_v1_arxiv32/docs/22_2506_02073v1/pages/page_006
c_0313,22_2506_02073v1,data/private/journalmix_v1/source_pdfs/route_map_or_flow/2506_02073v1.pdf,7,1,agfc,route_map_or_flow,control,0.65,vector=3;raster=1;flow_keyword_detected,artifacts/corpus_runs/20260420_215816_journalmix_v1_arxiv32/docs/22_2506_02073v1/pages/page_007/overlay.png,artifacts/corpus_runs/20260420_215816_journalmix_v1_arxiv32/docs/22_2506_02073v1/pages/page_007/figures.json,artifacts/corpus_runs/20260420_215816_journalmix_v1_arxiv32/docs/22_2506_02073v1/pages/page_007
c_0314,22_2506_02073v1,data/private/journalmix_v1/source_pdfs/route_map_or_flow/2506_02073v1.pdf,8,1,agfc,route_map_or_flow,hard,0.65,vector=20;raster=1;flow_keyword_detected;dense_page_with_caption;atoms=58,artifacts/corpus_runs/20260420_215816_journalmix_v1_arxiv32/docs/22_2506_02073v1/pages/page_008/overlay.png,artifacts/corpus_runs/20260420_215816_journalmix_v1_arxiv32/docs/22_2506_02073v1/pages/page_008/figures.json,artifacts/corpus_runs/20260420_215816_journalmix_v1_arxiv32/docs/22_2506_02073v1/pages/page_008
c_0315,22_2506_02073v1,data/private/journalmix_v1/source_pdfs/route_map_or_flow/2506_02073v1.pdf,9,0,agfc,unknown,control,0.3,no_figures;page_has_no_figures,artifacts/corpus_runs/20260420_215816_journalmix_v1_arxiv32/docs/22_2506_02073v1/pages/page_009/overlay.png,artifacts/corpus_runs/20260420_215816_journalmix_v1_arxiv32/docs/22_2506_02073v1/pages/page_009/figures.json,artifacts/corpus_runs/20260420_215816_journalmix_v1_arxiv32/docs/22_2506_02073v1/pages/page_009
c_0316,22_2506_02073v1,data/private/journalmix_v1/source_pdfs/route_map_or_flow/2506_02073v1.pdf,10,0,agfc,unknown,control,0.3,no_figures;page_has_no_figures,artifacts/corpus_runs/20260420_215816_journalmix_v1_arxiv32/docs/22_2506_02073v1/pages/page_010/overlay.png,artifacts/corpus_runs/20260420_215816_journalmix_v1_arxiv32/docs/22_2506_02073v1/pages/page_010/figures.json,artifacts/corpus_runs/20260420_215816_journalmix_v1_arxiv32/docs/22_2506_02073v1/pages/page_010
c_0317,22_2506_02073v1,data/private/journalmix_v1/source_pdfs/route_map_or_flow/2506_02073v1.pdf,11,0,agfc,unknown,control,0.3,no_figures;page_has_no_figures,artifacts/corpus_runs/20260420_215816_journalmix_v1_arxiv32/docs/22_2506_02073v1/pages/page_011/overlay.png,artifacts/corpus_runs/20260420_215816_journalmix_v1_arxiv32/docs/22_2506_02073v1/pages/page_011/figures.json,artifacts/corpus_runs/20260420_215816_journalmix_v1_arxiv32/docs/22_2506_02073v1/pages/page_011
c_0318,22_2506_02073v1,data/private/journalmix_v1/source_pdfs/route_map_or_flow/2506_02073v1.pdf,12,1,agfc,mixed_vector_raster,control,0.65,vector=1;raster=1,artifacts/corpus_runs/20260420_215816_journalmix_v1_arxiv32/docs/22_2506_02073v1/pages/page_012/overlay.png,artifacts/corpus_runs/20260420_215816_journalmix_v1_arxiv32/docs/22_2506_02073v1/pages/page_012/figures.json,artifacts/corpus_runs/20260420_215816_journalmix_v1_arxiv32/docs/22_2506_02073v1/pages/page_012
c_0319,22_2506_02073v1,data/private/journalmix_v1/source_pdfs/route_map_or_flow/2506_02073v1.pdf,13,1,agfc,route_map_or_flow,control,0.6,raster_single=1;flow_keyword_detected,artifacts/corpus_runs/20260420_215816_journalmix_v1_arxiv32/docs/22_2506_02073v1/pages/page_013/overlay.png,artifacts/corpus_runs/20260420_215816_journalmix_v1_arxiv32/docs/22_2506_02073v1/pages/page_013/figures.json,artifacts/corpus_runs/20260420_215816_journalmix_v1_arxiv32/docs/22_2506_02073v1/pages/page_013
c_0320,22_2506_02073v1,data/private/journalmix_v1/source_pdfs/route_map_or_flow/2506_02073v1.pdf,14,1,agfc,route_map_or_flow,control,0.6,raster_single=1;flow_keyword_detected,artifacts/corpus_runs/20260420_215816_journalmix_v1_arxiv32/docs/22_2506_02073v1/pages/page_014/overlay.png,artifacts/corpus_runs/20260420_215816_journalmix_v1_arxiv32/docs/22_2506_02073v1/pages/page_014/figures.json,artifacts/corpus_runs/20260420_215816_journalmix_v1_arxiv32/docs/22_2506_02073v1/pages/page_014
c_0321,22_2506_02073v1,data/private/journalmix_v1/source_pdfs/route_map_or_flow/2506_02073v1.pdf,15,1,agfc,route_map_or_flow,control,0.6,raster_single=1;flow_keyword_detected,artifacts/corpus_runs/20260420_215816_journalmix_v1_arxiv32/docs/22_2506_02073v1/pages/page_015/overlay.png,artifacts/corpus_runs/20260420_215816_journalmix_v1_arxiv32/docs/22_2506_02073v1/pages/page_015/figures.json,artifacts/corpus_runs/20260420_215816_journalmix_v1_arxiv32/docs/22_2506_02073v1/pages/page_015
c_0322,22_2506_02073v1,data/private/journalmix_v1/source_pdfs/route_map_or_flow/2506_02073v1.pdf,16,1,agfc,route_map_or_flow,hard,0.65,vector=1;raster=1;flow_keyword_detected;dense_page_with_caption;atoms=43,artifacts/corpus_runs/20260420_215816_journalmix_v1_arxiv32/docs/22_2506_02073v1/pages/page_016/overlay.png,artifacts/corpus_runs/20260420_215816_journalmix_v1_arxiv32/docs/22_2506_02073v1/pages/page_016/figures.json,artifacts/corpus_runs/20260420_215816_journalmix_v1_arxiv32/docs/22_2506_02073v1/pages/page_016
c_0323,22_2506_02073v1,data/private/journalmix_v1/source_pdfs/route_map_or_flow/2506_02073v1.pdf,17,1,agfc,route_map_or_flow,hard,0.65,vector=1;raster=1;flow_keyword_detected;dense_page_with_caption;atoms=62,artifacts/corpus_runs/20260420_215816_journalmix_v1_arxiv32/docs/22_2506_02073v1/pages/page_017/overlay.png,artifacts/corpus_runs/20260420_215816_journalmix_v1_arxiv32/docs/22_2506_02073v1/pages/page_017/figures.json,artifacts/corpus_runs/20260420_215816_journalmix_v1_arxiv32/docs/22_2506_02073v1/pages/page_017
c_0324,22_2506_02073v1,data/private/journalmix_v1/source_pdfs/route_map_or_flow/2506_02073v1.pdf,18,1,agfc,route_map_or_flow,hard,0.65,vector=2;raster=2;flow_keyword_detected;dense_page_with_caption;atoms=44,artifacts/corpus_runs/20260420_215816_journalmix_v1_arxiv32/docs/22_2506_02073v1/pages/page_018/overlay.png,artifacts/corpus_runs/20260420_215816_journalmix_v1_arxiv32/docs/22_2506_02073v1/pages/page_018/figures.json,artifacts/corpus_runs/20260420_215816_journalmix_v1_arxiv32/docs/22_2506_02073v1/pages/page_018
c_0325,22_2506_02073v1,data/private/journalmix_v1/source_pdfs/route_map_or_flow/2506_02073v1.pdf,19,0,agfc,unknown,control,0.3,no_figures;page_has_no_figures,artifacts/corpus_runs/20260420_215816_journalmix_v1_arxiv32/docs/22_2506_02073v1/pages/page_019/overlay.png,artifacts/corpus_runs/20260420_215816_journalmix_v1_arxiv32/docs/22_2506_02073v1/pages/page_019/figures.json,artifacts/corpus_runs/20260420_215816_journalmix_v1_arxiv32/docs/22_2506_02073v1/pages/page_019
c_0326,22_2506_02073v1,data/private/journalmix_v1/source_pdfs/route_map_or_flow/2506_02073v1.pdf,20,0,agfc,unknown,control,0.3,no_figures;page_has_no_figures,artifacts/corpus_runs/20260420_215816_journalmix_v1_arxiv32/docs/22_2506_02073v1/pages/page_020/overlay.png,artifacts/corpus_runs/20260420_215816_journalmix_v1_arxiv32/docs/22_2506_02073v1/pages/page_020/figures.json,artifacts/corpus_runs/20260420_215816_journalmix_v1_arxiv32/docs/22_2506_02073v1/pages/page_020
c_0327,22_2506_02073v1,data/private/journalmix_v1/source_pdfs/route_map_or_flow/2506_02073v1.pdf,21,0,agfc,unknown,control,0.3,no_figures;page_has_no_figures,artifacts/corpus_runs/20260420_215816_journalmix_v1_arxiv32/docs/22_2506_02073v1/pages/page_021/overlay.png,artifacts/corpus_runs/20260420_215816_journalmix_v1_arxiv32/docs/22_2506_02073v1/pages/page_021/figures.json,artifacts/corpus_runs/20260420_215816_journalmix_v1_arxiv32/docs/22_2506_02073v1/pages/page_021
c_0328,22_2506_02073v1,data/private/journalmix_v1/source_pdfs/route_map_or_flow/2506_02073v1.pdf,22,0,agfc,unknown,control,0.3,no_figures;page_has_no_figures,artifacts/corpus_runs/20260420_215816_journalmix_v1_arxiv32/docs/22_2506_02073v1/pages/page_022/overlay.png,artifacts/corpus_runs/20260420_215816_journalmix_v1_arxiv32/docs/22_2506_02073v1/pages/page_022/figures.json,artifacts/corpus_runs/20260420_215816_journalmix_v1_arxiv32/docs/22_2506_02073v1/pages/page_022
c_0329,23_2602_04142v2,data/private/journalmix_v1/source_pdfs/route_map_or_flow/2602_04142v2.pdf,0,0,agfc,unknown,control,0.3,no_figures;page_has_no_figures,artifacts/corpus_runs/20260420_215816_journalmix_v1_arxiv32/docs/23_2602_04142v2/pages/page_000/overlay.png,artifacts/corpus_runs/20260420_215816_journalmix_v1_arxiv32/docs/23_2602_04142v2/pages/page_000/figures.json,artifacts/corpus_runs/20260420_215816_journalmix_v1_arxiv32/docs/23_2602_04142v2/pages/page_000
c_0330,23_2602_04142v2,data/private/journalmix_v1/source_pdfs/route_map_or_flow/2602_04142v2.pdf,1,1,agfc,route_map_or_flow,hard,0.7,vector_only=2;flow_keyword_detected;dense_page_with_caption;atoms=49,artifacts/corpus_runs/20260420_215816_journalmix_v1_arxiv32/docs/23_2602_04142v2/pages/page_001/overlay.png,artifacts/corpus_runs/20260420_215816_journalmix_v1_arxiv32/docs/23_2602_04142v2/pages/page_001/figures.json,artifacts/corpus_runs/20260420_215816_journalmix_v1_arxiv32/docs/23_2602_04142v2/pages/page_001
c_0331,23_2602_04142v2,data/private/journalmix_v1/source_pdfs/route_map_or_flow/2602_04142v2.pdf,2,0,agfc,unknown,control,0.3,no_figures;page_has_no_figures,artifacts/corpus_runs/20260420_215816_journalmix_v1_arxiv32/docs/23_2602_04142v2/pages/page_002/overlay.png,artifacts/corpus_runs/20260420_215816_journalmix_v1_arxiv32/docs/23_2602_04142v2/pages/page_002/figures.json,artifacts/corpus_runs/20260420_215816_journalmix_v1_arxiv32/docs/23_2602_04142v2/pages/page_002
c_0332,23_2602_04142v2,data/private/journalmix_v1/source_pdfs/route_map_or_flow/2602_04142v2.pdf,3,0,agfc,unknown,control,0.3,no_figures;page_has_no_figures,artifacts/corpus_runs/20260420_215816_journalmix_v1_arxiv32/docs/23_2602_04142v2/pages/page_003/overlay.png,artifacts/corpus_runs/20260420_215816_journalmix_v1_arxiv32/docs/23_2602_04142v2/pages/page_003/figures.json,artifacts/corpus_runs/20260420_215816_journalmix_v1_arxiv32/docs/23_2602_04142v2/pages/page_003
c_0333,23_2602_04142v2,data/private/journalmix_v1/source_pdfs/route_map_or_flow/2602_04142v2.pdf,4,0,agfc,unknown,control,0.3,no_figures;page_has_no_figures,artifacts/corpus_runs/20260420_215816_journalmix_v1_arxiv32/docs/23_2602_04142v2/pages/page_004/overlay.png,artifacts/corpus_runs/20260420_215816_journalmix_v1_arxiv32/docs/23_2602_04142v2/pages/page_004/figures.json,artifacts/corpus_runs/20260420_215816_journalmix_v1_arxiv32/docs/23_2602_04142v2/pages/page_004
c_0334,23_2602_04142v2,data/private/journalmix_v1/source_pdfs/route_map_or_flow/2602_04142v2.pdf,5,0,agfc,unknown,control,0.3,no_figures;page_has_no_figures,artifacts/corpus_runs/20260420_215816_journalmix_v1_arxiv32/docs/23_2602_04142v2/pages/page_005/overlay.png,artifacts/corpus_runs/20260420_215816_journalmix_v1_arxiv32/docs/23_2602_04142v2/pages/page_005/figures.json,artifacts/corpus_runs/20260420_215816_journalmix_v1_arxiv32/docs/23_2602_04142v2/pages/page_005
c_0335,23_2602_04142v2,data/private/journalmix_v1/source_pdfs/route_map_or_flow/2602_04142v2.pdf,6,0,agfc,unknown,control,0.3,no_figures;page_has_no_figures,artifacts/corpus_runs/20260420_215816_journalmix_v1_arxiv32/docs/23_2602_04142v2/pages/page_006/overlay.png,artifacts/corpus_runs/20260420_215816_journalmix_v1_arxiv32/docs/23_2602_04142v2/pages/page_006/figures.json,artifacts/corpus_runs/20260420_215816_journalmix_v1_arxiv32/docs/23_2602_04142v2/pages/page_006
c_0336,24_2602_14035v1,data/private/journalmix_v1/source_pdfs/route_map_or_flow/2602_14035v1.pdf,0,1,agfc,route_map_or_flow,stress,0.65,raster_multi_panel=18;figs=1;flow_keyword_detected;many_panels=18,artifacts/corpus_runs/20260420_215816_journalmix_v1_arxiv32/docs/24_2602_14035v1/pages/page_000/overlay.png,artifacts/corpus_runs/20260420_215816_journalmix_v1_arxiv32/docs/24_2602_14035v1/pages/page_000/figures.json,artifacts/corpus_runs/20260420_215816_journalmix_v1_arxiv32/docs/24_2602_14035v1/pages/page_000
c_0337,24_2602_14035v1,data/private/journalmix_v1/source_pdfs/route_map_or_flow/2602_14035v1.pdf,1,0,agfc,unknown,control,0.3,no_figures;page_has_no_figures,artifacts/corpus_runs/20260420_215816_journalmix_v1_arxiv32/docs/24_2602_14035v1/pages/page_001/overlay.png,artifacts/corpus_runs/20260420_215816_journalmix_v1_arxiv32/docs/24_2602_14035v1/pages/page_001/figures.json,artifacts/corpus_runs/20260420_215816_journalmix_v1_arxiv32/docs/24_2602_14035v1/pages/page_001
c_0338,24_2602_14035v1,data/private/journalmix_v1/source_pdfs/route_map_or_flow/2602_14035v1.pdf,2,1,agfc,route_map_or_flow,stress,0.65,vector=13;raster=14;flow_keyword_detected;dense_page_with_caption;atoms=104;very_dense_page;atoms=104;many_panels=11,artifacts/corpus_runs/20260420_215816_journalmix_v1_arxiv32/docs/24_2602_14035v1/pages/page_002/overlay.png,artifacts/corpus_runs/20260420_215816_journalmix_v1_arxiv32/docs/24_2602_14035v1/pages/page_002/figures.json,artifacts/corpus_runs/20260420_215816_journalmix_v1_arxiv32/docs/24_2602_14035v1/pages/page_002
c_0339,24_2602_14035v1,data/private/journalmix_v1/source_pdfs/route_map_or_flow/2602_14035v1.pdf,3,0,agfc,unknown,control,0.3,no_figures;page_has_no_figures,artifacts/corpus_runs/20260420_215816_journalmix_v1_arxiv32/docs/24_2602_14035v1/pages/page_003/overlay.png,artifacts/corpus_runs/20260420_215816_journalmix_v1_arxiv32/docs/24_2602_14035v1/pages/page_003/figures.json,artifacts/corpus_runs/20260420_215816_journalmix_v1_arxiv32/docs/24_2602_14035v1/pages/page_003
c_0340,24_2602_14035v1,data/private/journalmix_v1/source_pdfs/route_map_or_flow/2602_14035v1.pdf,4,0,agfc,unknown,control,0.3,no_figures;page_has_no_figures,artifacts/corpus_runs/20260420_215816_journalmix_v1_arxiv32/docs/24_2602_14035v1/pages/page_004/overlay.png,artifacts/corpus_runs/20260420_215816_journalmix_v1_arxiv32/docs/24_2602_14035v1/pages/page_004/figures.json,artifacts/corpus_runs/20260420_215816_journalmix_v1_arxiv32/docs/24_2602_14035v1/pages/page_004
c_0341,24_2602_14035v1,data/private/journalmix_v1/source_pdfs/route_map_or_flow/2602_14035v1.pdf,5,2,agfc,route_map_or_flow,hard,0.65,vector=5;raster=2;flow_keyword_detected;multi_figure_page=2,artifacts/corpus_runs/20260420_215816_journalmix_v1_arxiv32/docs/24_2602_14035v1/pages/page_005/overlay.png,artifacts/corpus_runs/20260420_215816_journalmix_v1_arxiv32/docs/24_2602_14035v1/pages/page_005/figures.json,artifacts/corpus_runs/20260420_215816_journalmix_v1_arxiv32/docs/24_2602_14035v1/pages/page_005
c_0342,24_2602_14035v1,data/private/journalmix_v1/source_pdfs/route_map_or_flow/2602_14035v1.pdf,6,1,agfc,route_map_or_flow,control,0.7,vector_only=4;flow_keyword_detected,artifacts/corpus_runs/20260420_215816_journalmix_v1_arxiv32/docs/24_2602_14035v1/pages/page_006/overlay.png,artifacts/corpus_runs/20260420_215816_journalmix_v1_arxiv32/docs/24_2602_14035v1/pages/page_006/figures.json,artifacts/corpus_runs/20260420_215816_journalmix_v1_arxiv32/docs/24_2602_14035v1/pages/page_006
c_0343,24_2602_14035v1,data/private/journalmix_v1/source_pdfs/route_map_or_flow/2602_14035v1.pdf,7,0,agfc,unknown,control,0.3,no_figures;page_has_no_figures,artifacts/corpus_runs/20260420_215816_journalmix_v1_arxiv32/docs/24_2602_14035v1/pages/page_007/overlay.png,artifacts/corpus_runs/20260420_215816_journalmix_v1_arxiv32/docs/24_2602_14035v1/pages/page_007/figures.json,artifacts/corpus_runs/20260420_215816_journalmix_v1_arxiv32/docs/24_2602_14035v1/pages/page_007
c_0344,24_2602_14035v1,data/private/journalmix_v1/source_pdfs/route_map_or_flow/2602_14035v1.pdf,8,0,agfc,unknown,control,0.3,no_figures;page_has_no_figures,artifacts/corpus_runs/20260420_215816_journalmix_v1_arxiv32/docs/24_2602_14035v1/pages/page_008/overlay.png,artifacts/corpus_runs/20260420_215816_journalmix_v1_arxiv32/docs/24_2602_14035v1/pages/page_008/figures.json,artifacts/corpus_runs/20260420_215816_journalmix_v1_arxiv32/docs/24_2602_14035v1/pages/page_008
c_0345,24_2602_14035v1,data/private/journalmix_v1/source_pdfs/route_map_or_flow/2602_14035v1.pdf,9,0,agfc,unknown,control,0.3,no_figures;page_has_no_figures,artifacts/corpus_runs/20260420_215816_journalmix_v1_arxiv32/docs/24_2602_14035v1/pages/page_009/overlay.png,artifacts/corpus_runs/20260420_215816_journalmix_v1_arxiv32/docs/24_2602_14035v1/pages/page_009/figures.json,artifacts/corpus_runs/20260420_215816_journalmix_v1_arxiv32/docs/24_2602_14035v1/pages/page_009
c_0346,25_1801_08163v2,data/private/journalmix_v1/source_pdfs/vector_dominant/1801_08163v2.pdf,0,1,agfc,mixed_vector_raster,control,0.4,raster_single=1,artifacts/corpus_runs/20260420_215816_journalmix_v1_arxiv32/docs/25_1801_08163v2/pages/page_000/overlay.png,artifacts/corpus_runs/20260420_215816_journalmix_v1_arxiv32/docs/25_1801_08163v2/pages/page_000/figures.json,artifacts/corpus_runs/20260420_215816_journalmix_v1_arxiv32/docs/25_1801_08163v2/pages/page_000
c_0347,25_1801_08163v2,data/private/journalmix_v1/source_pdfs/vector_dominant/1801_08163v2.pdf,1,1,agfc,compound_multi_panel,control,0.65,raster_multi_panel=3;figs=1,artifacts/corpus_runs/20260420_215816_journalmix_v1_arxiv32/docs/25_1801_08163v2/pages/page_001/overlay.png,artifacts/corpus_runs/20260420_215816_journalmix_v1_arxiv32/docs/25_1801_08163v2/pages/page_001/figures.json,artifacts/corpus_runs/20260420_215816_journalmix_v1_arxiv32/docs/25_1801_08163v2/pages/page_001
c_0348,25_1801_08163v2,data/private/journalmix_v1/source_pdfs/vector_dominant/1801_08163v2.pdf,2,0,agfc,unknown,control,0.3,no_figures;page_has_no_figures,artifacts/corpus_runs/20260420_215816_journalmix_v1_arxiv32/docs/25_1801_08163v2/pages/page_002/overlay.png,artifacts/corpus_runs/20260420_215816_journalmix_v1_arxiv32/docs/25_1801_08163v2/pages/page_002/figures.json,artifacts/corpus_runs/20260420_215816_journalmix_v1_arxiv32/docs/25_1801_08163v2/pages/page_002
c_0349,25_1801_08163v2,data/private/journalmix_v1/source_pdfs/vector_dominant/1801_08163v2.pdf,3,1,agfc,compound_multi_panel,stress,0.65,raster_multi_panel=6;figs=1;many_panels=6,artifacts/corpus_runs/20260420_215816_journalmix_v1_arxiv32/docs/25_1801_08163v2/pages/page_003/overlay.png,artifacts/corpus_runs/20260420_215816_journalmix_v1_arxiv32/docs/25_1801_08163v2/pages/page_003/figures.json,artifacts/corpus_runs/20260420_215816_journalmix_v1_arxiv32/docs/25_1801_08163v2/pages/page_003
c_0350,25_1801_08163v2,data/private/journalmix_v1/source_pdfs/vector_dominant/1801_08163v2.pdf,4,0,agfc,unknown,control,0.3,no_figures;page_has_no_figures,artifacts/corpus_runs/20260420_215816_journalmix_v1_arxiv32/docs/25_1801_08163v2/pages/page_004/overlay.png,artifacts/corpus_runs/20260420_215816_journalmix_v1_arxiv32/docs/25_1801_08163v2/pages/page_004/figures.json,artifacts/corpus_runs/20260420_215816_journalmix_v1_arxiv32/docs/25_1801_08163v2/pages/page_004
c_0351,25_1801_08163v2,data/private/journalmix_v1/source_pdfs/vector_dominant/1801_08163v2.pdf,5,1,agfc,mixed_vector_raster,hard,0.65,vector=29;raster=3;dense_page_with_caption;atoms=45,artifacts/corpus_runs/20260420_215816_journalmix_v1_arxiv32/docs/25_1801_08163v2/pages/page_005/overlay.png,artifacts/corpus_runs/20260420_215816_journalmix_v1_arxiv32/docs/25_1801_08163v2/pages/page_005/figures.json,artifacts/corpus_runs/20260420_215816_journalmix_v1_arxiv32/docs/25_1801_08163v2/pages/page_005
c_0352,25_1801_08163v2,data/private/journalmix_v1/source_pdfs/vector_dominant/1801_08163v2.pdf,6,0,agfc,unknown,control,0.3,no_figures;page_has_no_figures,artifacts/corpus_runs/20260420_215816_journalmix_v1_arxiv32/docs/25_1801_08163v2/pages/page_006/overlay.png,artifacts/corpus_runs/20260420_215816_journalmix_v1_arxiv32/docs/25_1801_08163v2/pages/page_006/figures.json,artifacts/corpus_runs/20260420_215816_journalmix_v1_arxiv32/docs/25_1801_08163v2/pages/page_006
c_0353,25_1801_08163v2,data/private/journalmix_v1/source_pdfs/vector_dominant/1801_08163v2.pdf,7,1,agfc,compound_multi_panel,control,0.65,raster_multi_panel=4;figs=1,artifacts/corpus_runs/20260420_215816_journalmix_v1_arxiv32/docs/25_1801_08163v2/pages/page_007/overlay.png,artifacts/corpus_runs/20260420_215816_journalmix_v1_arxiv32/docs/25_1801_08163v2/pages/page_007/figures.json,artifacts/corpus_runs/20260420_215816_journalmix_v1_arxiv32/docs/25_1801_08163v2/pages/page_007
c_0354,25_1801_08163v2,data/private/journalmix_v1/source_pdfs/vector_dominant/1801_08163v2.pdf,8,0,agfc,unknown,control,0.3,no_figures;page_has_no_figures,artifacts/corpus_runs/20260420_215816_journalmix_v1_arxiv32/docs/25_1801_08163v2/pages/page_008/overlay.png,artifacts/corpus_runs/20260420_215816_journalmix_v1_arxiv32/docs/25_1801_08163v2/pages/page_008/figures.json,artifacts/corpus_runs/20260420_215816_journalmix_v1_arxiv32/docs/25_1801_08163v2/pages/page_008
c_0355,25_1801_08163v2,data/private/journalmix_v1/source_pdfs/vector_dominant/1801_08163v2.pdf,9,0,agfc,unknown,control,0.3,no_figures;page_has_no_figures,artifacts/corpus_runs/20260420_215816_journalmix_v1_arxiv32/docs/25_1801_08163v2/pages/page_009/overlay.png,artifacts/corpus_runs/20260420_215816_journalmix_v1_arxiv32/docs/25_1801_08163v2/pages/page_009/figures.json,artifacts/corpus_runs/20260420_215816_journalmix_v1_arxiv32/docs/25_1801_08163v2/pages/page_009
c_0356,25_1801_08163v2,data/private/journalmix_v1/source_pdfs/vector_dominant/1801_08163v2.pdf,10,2,agfc,compound_multi_panel,stress,0.65,raster_multi_panel=8;figs=2;multi_figure_page=2;many_panels=8,artifacts/corpus_runs/20260420_215816_journalmix_v1_arxiv32/docs/25_1801_08163v2/pages/page_010/overlay.png,artifacts/corpus_runs/20260420_215816_journalmix_v1_arxiv32/docs/25_1801_08163v2/pages/page_010/figures.json,artifacts/corpus_runs/20260420_215816_journalmix_v1_arxiv32/docs/25_1801_08163v2/pages/page_010
c_0357,25_1801_08163v2,data/private/journalmix_v1/source_pdfs/vector_dominant/1801_08163v2.pdf,11,0,agfc,unknown,control,0.3,no_figures;page_has_no_figures,artifacts/corpus_runs/20260420_215816_journalmix_v1_arxiv32/docs/25_1801_08163v2/pages/page_011/overlay.png,artifacts/corpus_runs/20260420_215816_journalmix_v1_arxiv32/docs/25_1801_08163v2/pages/page_011/figures.json,artifacts/corpus_runs/20260420_215816_journalmix_v1_arxiv32/docs/25_1801_08163v2/pages/page_011
c_0358,25_1801_08163v2,data/private/journalmix_v1/source_pdfs/vector_dominant/1801_08163v2.pdf,12,1,agfc,compound_multi_panel,stress,0.65,raster_multi_panel=9;figs=1;many_panels=9,artifacts/corpus_runs/20260420_215816_journalmix_v1_arxiv32/docs/25_1801_08163v2/pages/page_012/overlay.png,artifacts/corpus_runs/20260420_215816_journalmix_v1_arxiv32/docs/25_1801_08163v2/pages/page_012/figures.json,artifacts/corpus_runs/20260420_215816_journalmix_v1_arxiv32/docs/25_1801_08163v2/pages/page_012
c_0359,25_1801_08163v2,data/private/journalmix_v1/source_pdfs/vector_dominant/1801_08163v2.pdf,13,0,agfc,unknown,control,0.3,no_figures;page_has_no_figures,artifacts/corpus_runs/20260420_215816_journalmix_v1_arxiv32/docs/25_1801_08163v2/pages/page_013/overlay.png,artifacts/corpus_runs/20260420_215816_journalmix_v1_arxiv32/docs/25_1801_08163v2/pages/page_013/figures.json,artifacts/corpus_runs/20260420_215816_journalmix_v1_arxiv32/docs/25_1801_08163v2/pages/page_013
c_0360,25_1801_08163v2,data/private/journalmix_v1/source_pdfs/vector_dominant/1801_08163v2.pdf,14,1,agfc,compound_multi_panel,stress,0.65,raster_multi_panel=8;figs=1;many_panels=8,artifacts/corpus_runs/20260420_215816_journalmix_v1_arxiv32/docs/25_1801_08163v2/pages/page_014/overlay.png,artifacts/corpus_runs/20260420_215816_journalmix_v1_arxiv32/docs/25_1801_08163v2/pages/page_014/figures.json,artifacts/corpus_runs/20260420_215816_journalmix_v1_arxiv32/docs/25_1801_08163v2/pages/page_014
c_0361,25_1801_08163v2,data/private/journalmix_v1/source_pdfs/vector_dominant/1801_08163v2.pdf,15,1,agfc,compound_multi_panel,stress,0.65,raster_multi_panel=8;figs=1;many_panels=8,artifacts/corpus_runs/20260420_215816_journalmix_v1_arxiv32/docs/25_1801_08163v2/pages/page_015/overlay.png,artifacts/corpus_runs/20260420_215816_journalmix_v1_arxiv32/docs/25_1801_08163v2/pages/page_015/figures.json,artifacts/corpus_runs/20260420_215816_journalmix_v1_arxiv32/docs/25_1801_08163v2/pages/page_015
c_0362,26_2001_03271v2,data/private/journalmix_v1/source_pdfs/vector_dominant/2001_03271v2.pdf,0,1,agfc,compound_multi_panel,hard,0.65,vector=2;raster=3;high_panel_count=4;dense_page_with_caption;atoms=59,artifacts/corpus_runs/20260420_215816_journalmix_v1_arxiv32/docs/26_2001_03271v2/pages/page_000/overlay.png,artifacts/corpus_runs/20260420_215816_journalmix_v1_arxiv32/docs/26_2001_03271v2/pages/page_000/figures.json,artifacts/corpus_runs/20260420_215816_journalmix_v1_arxiv32/docs/26_2001_03271v2/pages/page_000
c_0363,26_2001_03271v2,data/private/journalmix_v1/source_pdfs/vector_dominant/2001_03271v2.pdf,1,1,agfc,mixed_vector_raster,control,0.4,raster_single=1,artifacts/corpus_runs/20260420_215816_journalmix_v1_arxiv32/docs/26_2001_03271v2/pages/page_001/overlay.png,artifacts/corpus_runs/20260420_215816_journalmix_v1_arxiv32/docs/26_2001_03271v2/pages/page_001/figures.json,artifacts/corpus_runs/20260420_215816_journalmix_v1_arxiv32/docs/26_2001_03271v2/pages/page_001
c_0364,26_2001_03271v2,data/private/journalmix_v1/source_pdfs/vector_dominant/2001_03271v2.pdf,2,1,agfc,mixed_vector_raster,control,0.4,raster_single=1,artifacts/corpus_runs/20260420_215816_journalmix_v1_arxiv32/docs/26_2001_03271v2/pages/page_002/overlay.png,artifacts/corpus_runs/20260420_215816_journalmix_v1_arxiv32/docs/26_2001_03271v2/pages/page_002/figures.json,artifacts/corpus_runs/20260420_215816_journalmix_v1_arxiv32/docs/26_2001_03271v2/pages/page_002
c_0365,26_2001_03271v2,data/private/journalmix_v1/source_pdfs/vector_dominant/2001_03271v2.pdf,3,1,agfc,compound_multi_panel,control,0.65,raster_multi_panel=3;figs=1,artifacts/corpus_runs/20260420_215816_journalmix_v1_arxiv32/docs/26_2001_03271v2/pages/page_003/overlay.png,artifacts/corpus_runs/20260420_215816_journalmix_v1_arxiv32/docs/26_2001_03271v2/pages/page_003/figures.json,artifacts/corpus_runs/20260420_215816_journalmix_v1_arxiv32/docs/26_2001_03271v2/pages/page_003
c_0366,26_2001_03271v2,data/private/journalmix_v1/source_pdfs/vector_dominant/2001_03271v2.pdf,4,1,agfc,vector_dominant,hard,0.7,vector_only=3;dense_page_with_caption;atoms=58,artifacts/corpus_runs/20260420_215816_journalmix_v1_arxiv32/docs/26_2001_03271v2/pages/page_004/overlay.png,artifacts/corpus_runs/20260420_215816_journalmix_v1_arxiv32/docs/26_2001_03271v2/pages/page_004/figures.json,artifacts/corpus_runs/20260420_215816_journalmix_v1_arxiv32/docs/26_2001_03271v2/pages/page_004
c_0367,26_2001_03271v2,data/private/journalmix_v1/source_pdfs/vector_dominant/2001_03271v2.pdf,5,1,agfc,vector_dominant,hard,0.7,vector_only=5;dense_page_with_caption;atoms=51,artifacts/corpus_runs/20260420_215816_journalmix_v1_arxiv32/docs/26_2001_03271v2/pages/page_005/overlay.png,artifacts/corpus_runs/20260420_215816_journalmix_v1_arxiv32/docs/26_2001_03271v2/pages/page_005/figures.json,artifacts/corpus_runs/20260420_215816_journalmix_v1_arxiv32/docs/26_2001_03271v2/pages/page_005
c_0368,26_2001_03271v2,data/private/journalmix_v1/source_pdfs/vector_dominant/2001_03271v2.pdf,6,0,agfc,unknown,control,0.3,no_figures;page_has_no_figures,artifacts/corpus_runs/20260420_215816_journalmix_v1_arxiv32/docs/26_2001_03271v2/pages/page_006/overlay.png,artifacts/corpus_runs/20260420_215816_journalmix_v1_arxiv32/docs/26_2001_03271v2/pages/page_006/figures.json,artifacts/corpus_runs/20260420_215816_journalmix_v1_arxiv32/docs/26_2001_03271v2/pages/page_006
c_0369,26_2001_03271v2,data/private/journalmix_v1/source_pdfs/vector_dominant/2001_03271v2.pdf,7,1,agfc,compound_multi_panel,stress,0.65,raster_multi_panel=22;figs=1;dense_page_with_caption;atoms=102;very_dense_page;atoms=102;many_panels=22,artifacts/corpus_runs/20260420_215816_journalmix_v1_arxiv32/docs/26_2001_03271v2/pages/page_007/overlay.png,artifacts/corpus_runs/20260420_215816_journalmix_v1_arxiv32/docs/26_2001_03271v2/pages/page_007/figures.json,artifacts/corpus_runs/20260420_215816_journalmix_v1_arxiv32/docs/26_2001_03271v2/pages/page_007
c_0370,26_2001_03271v2,data/private/journalmix_v1/source_pdfs/vector_dominant/2001_03271v2.pdf,8,0,agfc,unknown,control,0.3,no_figures;page_has_no_figures,artifacts/corpus_runs/20260420_215816_journalmix_v1_arxiv32/docs/26_2001_03271v2/pages/page_008/overlay.png,artifacts/corpus_runs/20260420_215816_journalmix_v1_arxiv32/docs/26_2001_03271v2/pages/page_008/figures.json,artifacts/corpus_runs/20260420_215816_journalmix_v1_arxiv32/docs/26_2001_03271v2/pages/page_008
c_0371,26_2001_03271v2,data/private/journalmix_v1/source_pdfs/vector_dominant/2001_03271v2.pdf,9,0,agfc,unknown,control,0.3,no_figures;page_has_no_figures,artifacts/corpus_runs/20260420_215816_journalmix_v1_arxiv32/docs/26_2001_03271v2/pages/page_009/overlay.png,artifacts/corpus_runs/20260420_215816_journalmix_v1_arxiv32/docs/26_2001_03271v2/pages/page_009/figures.json,artifacts/corpus_runs/20260420_215816_journalmix_v1_arxiv32/docs/26_2001_03271v2/pages/page_009
c_0372,26_2001_03271v2,data/private/journalmix_v1/source_pdfs/vector_dominant/2001_03271v2.pdf,10,0,agfc,unknown,control,0.3,no_figures;page_has_no_figures,artifacts/corpus_runs/20260420_215816_journalmix_v1_arxiv32/docs/26_2001_03271v2/pages/page_010/overlay.png,artifacts/corpus_runs/20260420_215816_journalmix_v1_arxiv32/docs/26_2001_03271v2/pages/page_010/figures.json,artifacts/corpus_runs/20260420_215816_journalmix_v1_arxiv32/docs/26_2001_03271v2/pages/page_010
c_0373,26_2001_03271v2,data/private/journalmix_v1/source_pdfs/vector_dominant/2001_03271v2.pdf,11,0,agfc,unknown,control,0.3,no_figures;page_has_no_figures,artifacts/corpus_runs/20260420_215816_journalmix_v1_arxiv32/docs/26_2001_03271v2/pages/page_011/overlay.png,artifacts/corpus_runs/20260420_215816_journalmix_v1_arxiv32/docs/26_2001_03271v2/pages/page_011/figures.json,artifacts/corpus_runs/20260420_215816_journalmix_v1_arxiv32/docs/26_2001_03271v2/pages/page_011
c_0374,27_2010_02319v1,data/private/journalmix_v1/source_pdfs/vector_dominant/2010_02319v1.pdf,0,0,agfc,unknown,control,0.3,no_figures;page_has_no_figures,artifacts/corpus_runs/20260420_215816_journalmix_v1_arxiv32/docs/27_2010_02319v1/pages/page_000/overlay.png,artifacts/corpus_runs/20260420_215816_journalmix_v1_arxiv32/docs/27_2010_02319v1/pages/page_000/figures.json,artifacts/corpus_runs/20260420_215816_journalmix_v1_arxiv32/docs/27_2010_02319v1/pages/page_000
c_0375,27_2010_02319v1,data/private/journalmix_v1/source_pdfs/vector_dominant/2010_02319v1.pdf,1,1,agfc,compound_multi_panel,stress,0.65,vector=8;raster=8;high_panel_count=9;many_panels=9,artifacts/corpus_runs/20260420_215816_journalmix_v1_arxiv32/docs/27_2010_02319v1/pages/page_001/overlay.png,artifacts/corpus_runs/20260420_215816_journalmix_v1_arxiv32/docs/27_2010_02319v1/pages/page_001/figures.json,artifacts/corpus_runs/20260420_215816_journalmix_v1_arxiv32/docs/27_2010_02319v1/pages/page_001
c_0376,27_2010_02319v1,data/private/journalmix_v1/source_pdfs/vector_dominant/2010_02319v1.pdf,2,1,agfc,compound_multi_panel,stress,0.65,vector=12;raster=10;high_panel_count=10;dense_page_with_caption;atoms=41;many_panels=10,artifacts/corpus_runs/20260420_215816_journalmix_v1_arxiv32/docs/27_2010_02319v1/pages/page_002/overlay.png,artifacts/corpus_runs/20260420_215816_journalmix_v1_arxiv32/docs/27_2010_02319v1/pages/page_002/figures.json,artifacts/corpus_runs/20260420_215816_journalmix_v1_arxiv32/docs/27_2010_02319v1/pages/page_002
c_0377,27_2010_02319v1,data/private/journalmix_v1/source_pdfs/vector_dominant/2010_02319v1.pdf,3,0,agfc,unknown,control,0.3,no_figures;page_has_no_figures,artifacts/corpus_runs/20260420_215816_journalmix_v1_arxiv32/docs/27_2010_02319v1/pages/page_003/overlay.png,artifacts/corpus_runs/20260420_215816_journalmix_v1_arxiv32/docs/27_2010_02319v1/pages/page_003/figures.json,artifacts/corpus_runs/20260420_215816_journalmix_v1_arxiv32/docs/27_2010_02319v1/pages/page_003
c_0378,27_2010_02319v1,data/private/journalmix_v1/source_pdfs/vector_dominant/2010_02319v1.pdf,4,0,agfc,unknown,control,0.3,no_figures;page_has_no_figures,artifacts/corpus_runs/20260420_215816_journalmix_v1_arxiv32/docs/27_2010_02319v1/pages/page_004/overlay.png,artifacts/corpus_runs/20260420_215816_journalmix_v1_arxiv32/docs/27_2010_02319v1/pages/page_004/figures.json,artifacts/corpus_runs/20260420_215816_journalmix_v1_arxiv32/docs/27_2010_02319v1/pages/page_004
c_0379,27_2010_02319v1,data/private/journalmix_v1/source_pdfs/vector_dominant/2010_02319v1.pdf,5,0,agfc,unknown,control,0.3,no_figures;page_has_no_figures,artifacts/corpus_runs/20260420_215816_journalmix_v1_arxiv32/docs/27_2010_02319v1/pages/page_005/overlay.png,artifacts/corpus_runs/20260420_215816_journalmix_v1_arxiv32/docs/27_2010_02319v1/pages/page_005/figures.json,artifacts/corpus_runs/20260420_215816_journalmix_v1_arxiv32/docs/27_2010_02319v1/pages/page_005
c_0380,27_2010_02319v1,data/private/journalmix_v1/source_pdfs/vector_dominant/2010_02319v1.pdf,6,0,agfc,unknown,control,0.3,no_figures;page_has_no_figures,artifacts/corpus_runs/20260420_215816_journalmix_v1_arxiv32/docs/27_2010_02319v1/pages/page_006/overlay.png,artifacts/corpus_runs/20260420_215816_journalmix_v1_arxiv32/docs/27_2010_02319v1/pages/page_006/figures.json,artifacts/corpus_runs/20260420_215816_journalmix_v1_arxiv32/docs/27_2010_02319v1/pages/page_006
c_0381,27_2010_02319v1,data/private/journalmix_v1/source_pdfs/vector_dominant/2010_02319v1.pdf,7,0,agfc,unknown,control,0.3,no_figures;page_has_no_figures,artifacts/corpus_runs/20260420_215816_journalmix_v1_arxiv32/docs/27_2010_02319v1/pages/page_007/overlay.png,artifacts/corpus_runs/20260420_215816_journalmix_v1_arxiv32/docs/27_2010_02319v1/pages/page_007/figures.json,artifacts/corpus_runs/20260420_215816_journalmix_v1_arxiv32/docs/27_2010_02319v1/pages/page_007
c_0382,27_2010_02319v1,data/private/journalmix_v1/source_pdfs/vector_dominant/2010_02319v1.pdf,8,0,agfc,unknown,control,0.3,no_figures;page_has_no_figures,artifacts/corpus_runs/20260420_215816_journalmix_v1_arxiv32/docs/27_2010_02319v1/pages/page_008/overlay.png,artifacts/corpus_runs/20260420_215816_journalmix_v1_arxiv32/docs/27_2010_02319v1/pages/page_008/figures.json,artifacts/corpus_runs/20260420_215816_journalmix_v1_arxiv32/docs/27_2010_02319v1/pages/page_008
c_0383,27_2010_02319v1,data/private/journalmix_v1/source_pdfs/vector_dominant/2010_02319v1.pdf,9,1,agfc,compound_multi_panel,stress,0.65,vector=34;raster=36;high_panel_count=6;dense_page_with_caption;atoms=93;very_dense_page;atoms=93;many_panels=6,artifacts/corpus_runs/20260420_215816_journalmix_v1_arxiv32/docs/27_2010_02319v1/pages/page_009/overlay.png,artifacts/corpus_runs/20260420_215816_journalmix_v1_arxiv32/docs/27_2010_02319v1/pages/page_009/figures.json,artifacts/corpus_runs/20260420_215816_journalmix_v1_arxiv32/docs/27_2010_02319v1/pages/page_009
c_0384,27_2010_02319v1,data/private/journalmix_v1/source_pdfs/vector_dominant/2010_02319v1.pdf,10,1,agfc,compound_multi_panel,stress,0.65,vector=40;raster=46;high_panel_count=6;dense_page_with_caption;atoms=118;very_dense_page;atoms=118;many_panels=6,artifacts/corpus_runs/20260420_215816_journalmix_v1_arxiv32/docs/27_2010_02319v1/pages/page_010/overlay.png,artifacts/corpus_runs/20260420_215816_journalmix_v1_arxiv32/docs/27_2010_02319v1/pages/page_010/figures.json,artifacts/corpus_runs/20260420_215816_journalmix_v1_arxiv32/docs/27_2010_02319v1/pages/page_010
c_0385,27_2010_02319v1,data/private/journalmix_v1/source_pdfs/vector_dominant/2010_02319v1.pdf,11,1,agfc,compound_multi_panel,stress,0.65,vector=38;raster=38;high_panel_count=9;dense_page_with_caption;atoms=98;very_dense_page;atoms=98;many_panels=9,artifacts/corpus_runs/20260420_215816_journalmix_v1_arxiv32/docs/27_2010_02319v1/pages/page_011/overlay.png,artifacts/corpus_runs/20260420_215816_journalmix_v1_arxiv32/docs/27_2010_02319v1/pages/page_011/figures.json,artifacts/corpus_runs/20260420_215816_journalmix_v1_arxiv32/docs/27_2010_02319v1/pages/page_011
c_0386,27_2010_02319v1,data/private/journalmix_v1/source_pdfs/vector_dominant/2010_02319v1.pdf,12,1,agfc,compound_multi_panel,stress,0.65,vector=38;raster=38;high_panel_count=9;dense_page_with_caption;atoms=101;very_dense_page;atoms=101;many_panels=9,artifacts/corpus_runs/20260420_215816_journalmix_v1_arxiv32/docs/27_2010_02319v1/pages/page_012/overlay.png,artifacts/corpus_runs/20260420_215816_journalmix_v1_arxiv32/docs/27_2010_02319v1/pages/page_012/figures.json,artifacts/corpus_runs/20260420_215816_journalmix_v1_arxiv32/docs/27_2010_02319v1/pages/page_012
c_0387,27_2010_02319v1,data/private/journalmix_v1/source_pdfs/vector_dominant/2010_02319v1.pdf,13,2,agfc,compound_multi_panel,stress,0.65,vector=10;raster=17;high_panel_count=9;multi_figure_page=2;many_panels=9,artifacts/corpus_runs/20260420_215816_journalmix_v1_arxiv32/docs/27_2010_02319v1/pages/page_013/overlay.png,artifacts/corpus_runs/20260420_215816_journalmix_v1_arxiv32/docs/27_2010_02319v1/pages/page_013/figures.json,artifacts/corpus_runs/20260420_215816_journalmix_v1_arxiv32/docs/27_2010_02319v1/pages/page_013
c_0388,27_2010_02319v1,data/private/journalmix_v1/source_pdfs/vector_dominant/2010_02319v1.pdf,14,0,agfc,unknown,control,0.3,no_figures;page_has_no_figures,artifacts/corpus_runs/20260420_215816_journalmix_v1_arxiv32/docs/27_2010_02319v1/pages/page_014/overlay.png,artifacts/corpus_runs/20260420_215816_journalmix_v1_arxiv32/docs/27_2010_02319v1/pages/page_014/figures.json,artifacts/corpus_runs/20260420_215816_journalmix_v1_arxiv32/docs/27_2010_02319v1/pages/page_014
c_0389,27_2010_02319v1,data/private/journalmix_v1/source_pdfs/vector_dominant/2010_02319v1.pdf,15,0,agfc,unknown,control,0.3,no_figures;page_has_no_figures,artifacts/corpus_runs/20260420_215816_journalmix_v1_arxiv32/docs/27_2010_02319v1/pages/page_015/overlay.png,artifacts/corpus_runs/20260420_215816_journalmix_v1_arxiv32/docs/27_2010_02319v1/pages/page_015/figures.json,artifacts/corpus_runs/20260420_215816_journalmix_v1_arxiv32/docs/27_2010_02319v1/pages/page_015
c_0390,27_2010_02319v1,data/private/journalmix_v1/source_pdfs/vector_dominant/2010_02319v1.pdf,16,0,agfc,unknown,control,0.3,no_figures;page_has_no_figures,artifacts/corpus_runs/20260420_215816_journalmix_v1_arxiv32/docs/27_2010_02319v1/pages/page_016/overlay.png,artifacts/corpus_runs/20260420_215816_journalmix_v1_arxiv32/docs/27_2010_02319v1/pages/page_016/figures.json,artifacts/corpus_runs/20260420_215816_journalmix_v1_arxiv32/docs/27_2010_02319v1/pages/page_016
c_0391,28_2201_05043v1,data/private/journalmix_v1/source_pdfs/vector_dominant/2201_05043v1.pdf,0,1,agfc,mixed_vector_raster,control,0.4,raster_single=1,artifacts/corpus_runs/20260420_215816_journalmix_v1_arxiv32/docs/28_2201_05043v1/pages/page_000/overlay.png,artifacts/corpus_runs/20260420_215816_journalmix_v1_arxiv32/docs/28_2201_05043v1/pages/page_000/figures.json,artifacts/corpus_runs/20260420_215816_journalmix_v1_arxiv32/docs/28_2201_05043v1/pages/page_000
c_0392,28_2201_05043v1,data/private/journalmix_v1/source_pdfs/vector_dominant/2201_05043v1.pdf,1,1,agfc,route_map_or_flow,control,0.6,raster_single=1;flow_keyword_detected,artifacts/corpus_runs/20260420_215816_journalmix_v1_arxiv32/docs/28_2201_05043v1/pages/page_001/overlay.png,artifacts/corpus_runs/20260420_215816_journalmix_v1_arxiv32/docs/28_2201_05043v1/pages/page_001/figures.json,artifacts/corpus_runs/20260420_215816_journalmix_v1_arxiv32/docs/28_2201_05043v1/pages/page_001
c_0393,28_2201_05043v1,data/private/journalmix_v1/source_pdfs/vector_dominant/2201_05043v1.pdf,2,1,agfc,mixed_vector_raster,control,0.4,raster_single=1,artifacts/corpus_runs/20260420_215816_journalmix_v1_arxiv32/docs/28_2201_05043v1/pages/page_002/overlay.png,artifacts/corpus_runs/20260420_215816_journalmix_v1_arxiv32/docs/28_2201_05043v1/pages/page_002/figures.json,artifacts/corpus_runs/20260420_215816_journalmix_v1_arxiv32/docs/28_2201_05043v1/pages/page_002
c_0394,28_2201_05043v1,data/private/journalmix_v1/source_pdfs/vector_dominant/2201_05043v1.pdf,3,2,agfc,compound_multi_panel,hard,0.65,raster_multi_panel=4;figs=2;multi_figure_page=2,artifacts/corpus_runs/20260420_215816_journalmix_v1_arxiv32/docs/28_2201_05043v1/pages/page_003/overlay.png,artifacts/corpus_runs/20260420_215816_journalmix_v1_arxiv32/docs/28_2201_05043v1/pages/page_003/figures.json,artifacts/corpus_runs/20260420_215816_journalmix_v1_arxiv32/docs/28_2201_05043v1/pages/page_003
c_0395,28_2201_05043v1,data/private/journalmix_v1/source_pdfs/vector_dominant/2201_05043v1.pdf,4,1,agfc,compound_multi_panel,control,0.65,raster_multi_panel=3;figs=1,artifacts/corpus_runs/20260420_215816_journalmix_v1_arxiv32/docs/28_2201_05043v1/pages/page_004/overlay.png,artifacts/corpus_runs/20260420_215816_journalmix_v1_arxiv32/docs/28_2201_05043v1/pages/page_004/figures.json,artifacts/corpus_runs/20260420_215816_journalmix_v1_arxiv32/docs/28_2201_05043v1/pages/page_004
c_0396,28_2201_05043v1,data/private/journalmix_v1/source_pdfs/vector_dominant/2201_05043v1.pdf,5,2,agfc,route_map_or_flow,hard,0.65,raster_multi_panel=2;figs=2;flow_keyword_detected;multi_figure_page=2,artifacts/corpus_runs/20260420_215816_journalmix_v1_arxiv32/docs/28_2201_05043v1/pages/page_005/overlay.png,artifacts/corpus_runs/20260420_215816_journalmix_v1_arxiv32/docs/28_2201_05043v1/pages/page_005/figures.json,artifacts/corpus_runs/20260420_215816_journalmix_v1_arxiv32/docs/28_2201_05043v1/pages/page_005
c_0397,28_2201_05043v1,data/private/journalmix_v1/source_pdfs/vector_dominant/2201_05043v1.pdf,6,1,agfc,mixed_vector_raster,control,0.4,raster_single=1,artifacts/corpus_runs/20260420_215816_journalmix_v1_arxiv32/docs/28_2201_05043v1/pages/page_006/overlay.png,artifacts/corpus_runs/20260420_215816_journalmix_v1_arxiv32/docs/28_2201_05043v1/pages/page_006/figures.json,artifacts/corpus_runs/20260420_215816_journalmix_v1_arxiv32/docs/28_2201_05043v1/pages/page_006
c_0398,28_2201_05043v1,data/private/journalmix_v1/source_pdfs/vector_dominant/2201_05043v1.pdf,7,1,agfc,mixed_vector_raster,control,0.4,raster_single=1,artifacts/corpus_runs/20260420_215816_journalmix_v1_arxiv32/docs/28_2201_05043v1/pages/page_007/overlay.png,artifacts/corpus_runs/20260420_215816_journalmix_v1_arxiv32/docs/28_2201_05043v1/pages/page_007/figures.json,artifacts/corpus_runs/20260420_215816_journalmix_v1_arxiv32/docs/28_2201_05043v1/pages/page_007
c_0399,28_2201_05043v1,data/private/journalmix_v1/source_pdfs/vector_dominant/2201_05043v1.pdf,8,2,agfc,compound_multi_panel,hard,0.65,raster_multi_panel=2;figs=2;multi_figure_page=2,artifacts/corpus_runs/20260420_215816_journalmix_v1_arxiv32/docs/28_2201_05043v1/pages/page_008/overlay.png,artifacts/corpus_runs/20260420_215816_journalmix_v1_arxiv32/docs/28_2201_05043v1/pages/page_008/figures.json,artifacts/corpus_runs/20260420_215816_journalmix_v1_arxiv32/docs/28_2201_05043v1/pages/page_008
c_0400,28_2201_05043v1,data/private/journalmix_v1/source_pdfs/vector_dominant/2201_05043v1.pdf,9,2,agfc,compound_multi_panel,hard,0.65,raster_multi_panel=2;figs=2;multi_figure_page=2,artifacts/corpus_runs/20260420_215816_journalmix_v1_arxiv32/docs/28_2201_05043v1/pages/page_009/overlay.png,artifacts/corpus_runs/20260420_215816_journalmix_v1_arxiv32/docs/28_2201_05043v1/pages/page_009/figures.json,artifacts/corpus_runs/20260420_215816_journalmix_v1_arxiv32/docs/28_2201_05043v1/pages/page_009
c_0401,28_2201_05043v1,data/private/journalmix_v1/source_pdfs/vector_dominant/2201_05043v1.pdf,10,0,agfc,unknown,control,0.3,no_figures;page_has_no_figures,artifacts/corpus_runs/20260420_215816_journalmix_v1_arxiv32/docs/28_2201_05043v1/pages/page_010/overlay.png,artifacts/corpus_runs/20260420_215816_journalmix_v1_arxiv32/docs/28_2201_05043v1/pages/page_010/figures.json,artifacts/corpus_runs/20260420_215816_journalmix_v1_arxiv32/docs/28_2201_05043v1/pages/page_010
c_0402,29_2207_05401v2,data/private/journalmix_v1/source_pdfs/vector_dominant/2207_05401v2.pdf,0,0,agfc,unknown,control,0.3,no_figures;page_has_no_figures,artifacts/corpus_runs/20260420_215816_journalmix_v1_arxiv32/docs/29_2207_05401v2/pages/page_000/overlay.png,artifacts/corpus_runs/20260420_215816_journalmix_v1_arxiv32/docs/29_2207_05401v2/pages/page_000/figures.json,artifacts/corpus_runs/20260420_215816_journalmix_v1_arxiv32/docs/29_2207_05401v2/pages/page_000
c_0403,29_2207_05401v2,data/private/journalmix_v1/source_pdfs/vector_dominant/2207_05401v2.pdf,1,0,agfc,unknown,control,0.3,vector_only=1;no_figures;page_has_no_figures,artifacts/corpus_runs/20260420_215816_journalmix_v1_arxiv32/docs/29_2207_05401v2/pages/page_001/overlay.png,artifacts/corpus_runs/20260420_215816_journalmix_v1_arxiv32/docs/29_2207_05401v2/pages/page_001/figures.json,artifacts/corpus_runs/20260420_215816_journalmix_v1_arxiv32/docs/29_2207_05401v2/pages/page_001
c_0404,29_2207_05401v2,data/private/journalmix_v1/source_pdfs/vector_dominant/2207_05401v2.pdf,2,0,agfc,unknown,control,0.3,no_figures;page_has_no_figures,artifacts/corpus_runs/20260420_215816_journalmix_v1_arxiv32/docs/29_2207_05401v2/pages/page_002/overlay.png,artifacts/corpus_runs/20260420_215816_journalmix_v1_arxiv32/docs/29_2207_05401v2/pages/page_002/figures.json,artifacts/corpus_runs/20260420_215816_journalmix_v1_arxiv32/docs/29_2207_05401v2/pages/page_002
c_0405,29_2207_05401v2,data/private/journalmix_v1/source_pdfs/vector_dominant/2207_05401v2.pdf,3,1,agfc,vector_dominant,hard,0.7,vector_only=19;dense_page_with_caption;atoms=70,artifacts/corpus_runs/20260420_215816_journalmix_v1_arxiv32/docs/29_2207_05401v2/pages/page_003/overlay.png,artifacts/corpus_runs/20260420_215816_journalmix_v1_arxiv32/docs/29_2207_05401v2/pages/page_003/figures.json,artifacts/corpus_runs/20260420_215816_journalmix_v1_arxiv32/docs/29_2207_05401v2/pages/page_003
c_0406,29_2207_05401v2,data/private/journalmix_v1/source_pdfs/vector_dominant/2207_05401v2.pdf,4,0,agfc,unknown,control,0.3,no_figures;page_has_no_figures,artifacts/corpus_runs/20260420_215816_journalmix_v1_arxiv32/docs/29_2207_05401v2/pages/page_004/overlay.png,artifacts/corpus_runs/20260420_215816_journalmix_v1_arxiv32/docs/29_2207_05401v2/pages/page_004/figures.json,artifacts/corpus_runs/20260420_215816_journalmix_v1_arxiv32/docs/29_2207_05401v2/pages/page_004
c_0407,30_2211_05965v1,data/private/journalmix_v1/source_pdfs/vector_dominant/2211_05965v1.pdf,0,0,agfc,unknown,control,0.3,no_figures;page_has_no_figures,artifacts/corpus_runs/20260420_215816_journalmix_v1_arxiv32/docs/30_2211_05965v1/pages/page_000/overlay.png,artifacts/corpus_runs/20260420_215816_journalmix_v1_arxiv32/docs/30_2211_05965v1/pages/page_000/figures.json,artifacts/corpus_runs/20260420_215816_journalmix_v1_arxiv32/docs/30_2211_05965v1/pages/page_000
c_0408,30_2211_05965v1,data/private/journalmix_v1/source_pdfs/vector_dominant/2211_05965v1.pdf,1,0,agfc,unknown,control,0.3,no_figures;page_has_no_figures,artifacts/corpus_runs/20260420_215816_journalmix_v1_arxiv32/docs/30_2211_05965v1/pages/page_001/overlay.png,artifacts/corpus_runs/20260420_215816_journalmix_v1_arxiv32/docs/30_2211_05965v1/pages/page_001/figures.json,artifacts/corpus_runs/20260420_215816_journalmix_v1_arxiv32/docs/30_2211_05965v1/pages/page_001
c_0409,30_2211_05965v1,data/private/journalmix_v1/source_pdfs/vector_dominant/2211_05965v1.pdf,2,1,agfc,mixed_vector_raster,control,0.4,raster_single=1,artifacts/corpus_runs/20260420_215816_journalmix_v1_arxiv32/docs/30_2211_05965v1/pages/page_002/overlay.png,artifacts/corpus_runs/20260420_215816_journalmix_v1_arxiv32/docs/30_2211_05965v1/pages/page_002/figures.json,artifacts/corpus_runs/20260420_215816_journalmix_v1_arxiv32/docs/30_2211_05965v1/pages/page_002
c_0410,30_2211_05965v1,data/private/journalmix_v1/source_pdfs/vector_dominant/2211_05965v1.pdf,3,1,agfc,compound_multi_panel,control,0.65,raster_multi_panel=4;figs=1,artifacts/corpus_runs/20260420_215816_journalmix_v1_arxiv32/docs/30_2211_05965v1/pages/page_003/overlay.png,artifacts/corpus_runs/20260420_215816_journalmix_v1_arxiv32/docs/30_2211_05965v1/pages/page_003/figures.json,artifacts/corpus_runs/20260420_215816_journalmix_v1_arxiv32/docs/30_2211_05965v1/pages/page_003
c_0411,30_2211_05965v1,data/private/journalmix_v1/source_pdfs/vector_dominant/2211_05965v1.pdf,4,1,agfc,mixed_vector_raster,control,0.4,raster_single=1,artifacts/corpus_runs/20260420_215816_journalmix_v1_arxiv32/docs/30_2211_05965v1/pages/page_004/overlay.png,artifacts/corpus_runs/20260420_215816_journalmix_v1_arxiv32/docs/30_2211_05965v1/pages/page_004/figures.json,artifacts/corpus_runs/20260420_215816_journalmix_v1_arxiv32/docs/30_2211_05965v1/pages/page_004
c_0412,30_2211_05965v1,data/private/journalmix_v1/source_pdfs/vector_dominant/2211_05965v1.pdf,5,1,agfc,mixed_vector_raster,control,0.4,raster_single=1,artifacts/corpus_runs/20260420_215816_journalmix_v1_arxiv32/docs/30_2211_05965v1/pages/page_005/overlay.png,artifacts/corpus_runs/20260420_215816_journalmix_v1_arxiv32/docs/30_2211_05965v1/pages/page_005/figures.json,artifacts/corpus_runs/20260420_215816_journalmix_v1_arxiv32/docs/30_2211_05965v1/pages/page_005
c_0413,30_2211_05965v1,data/private/journalmix_v1/source_pdfs/vector_dominant/2211_05965v1.pdf,6,0,agfc,unknown,control,0.3,no_figures;page_has_no_figures,artifacts/corpus_runs/20260420_215816_journalmix_v1_arxiv32/docs/30_2211_05965v1/pages/page_006/overlay.png,artifacts/corpus_runs/20260420_215816_journalmix_v1_arxiv32/docs/30_2211_05965v1/pages/page_006/figures.json,artifacts/corpus_runs/20260420_215816_journalmix_v1_arxiv32/docs/30_2211_05965v1/pages/page_006
c_0414,30_2211_05965v1,data/private/journalmix_v1/source_pdfs/vector_dominant/2211_05965v1.pdf,7,0,agfc,unknown,control,0.3,no_figures;page_has_no_figures,artifacts/corpus_runs/20260420_215816_journalmix_v1_arxiv32/docs/30_2211_05965v1/pages/page_007/overlay.png,artifacts/corpus_runs/20260420_215816_journalmix_v1_arxiv32/docs/30_2211_05965v1/pages/page_007/figures.json,artifacts/corpus_runs/20260420_215816_journalmix_v1_arxiv32/docs/30_2211_05965v1/pages/page_007
c_0415,30_2211_05965v1,data/private/journalmix_v1/source_pdfs/vector_dominant/2211_05965v1.pdf,8,0,agfc,unknown,control,0.3,no_figures;page_has_no_figures,artifacts/corpus_runs/20260420_215816_journalmix_v1_arxiv32/docs/30_2211_05965v1/pages/page_008/overlay.png,artifacts/corpus_runs/20260420_215816_journalmix_v1_arxiv32/docs/30_2211_05965v1/pages/page_008/figures.json,artifacts/corpus_runs/20260420_215816_journalmix_v1_arxiv32/docs/30_2211_05965v1/pages/page_008
c_0416,31_2307_11056v1,data/private/journalmix_v1/source_pdfs/vector_dominant/2307_11056v1.pdf,0,0,agfc,unknown,control,0.3,no_figures;page_has_no_figures,artifacts/corpus_runs/20260420_215816_journalmix_v1_arxiv32/docs/31_2307_11056v1/pages/page_000/overlay.png,artifacts/corpus_runs/20260420_215816_journalmix_v1_arxiv32/docs/31_2307_11056v1/pages/page_000/figures.json,artifacts/corpus_runs/20260420_215816_journalmix_v1_arxiv32/docs/31_2307_11056v1/pages/page_000
c_0417,31_2307_11056v1,data/private/journalmix_v1/source_pdfs/vector_dominant/2307_11056v1.pdf,1,0,agfc,unknown,control,0.3,no_figures;page_has_no_figures,artifacts/corpus_runs/20260420_215816_journalmix_v1_arxiv32/docs/31_2307_11056v1/pages/page_001/overlay.png,artifacts/corpus_runs/20260420_215816_journalmix_v1_arxiv32/docs/31_2307_11056v1/pages/page_001/figures.json,artifacts/corpus_runs/20260420_215816_journalmix_v1_arxiv32/docs/31_2307_11056v1/pages/page_001
c_0418,31_2307_11056v1,data/private/journalmix_v1/source_pdfs/vector_dominant/2307_11056v1.pdf,2,1,agfc,route_map_or_flow,hard,0.6,raster_single=1;flow_keyword_detected;dense_page_with_caption;atoms=42,artifacts/corpus_runs/20260420_215816_journalmix_v1_arxiv32/docs/31_2307_11056v1/pages/page_002/overlay.png,artifacts/corpus_runs/20260420_215816_journalmix_v1_arxiv32/docs/31_2307_11056v1/pages/page_002/figures.json,artifacts/corpus_runs/20260420_215816_journalmix_v1_arxiv32/docs/31_2307_11056v1/pages/page_002
c_0419,31_2307_11056v1,data/private/journalmix_v1/source_pdfs/vector_dominant/2307_11056v1.pdf,3,1,agfc,mixed_vector_raster,control,0.4,raster_single=1,artifacts/corpus_runs/20260420_215816_journalmix_v1_arxiv32/docs/31_2307_11056v1/pages/page_003/overlay.png,artifacts/corpus_runs/20260420_215816_journalmix_v1_arxiv32/docs/31_2307_11056v1/pages/page_003/figures.json,artifacts/corpus_runs/20260420_215816_journalmix_v1_arxiv32/docs/31_2307_11056v1/pages/page_003
c_0420,31_2307_11056v1,data/private/journalmix_v1/source_pdfs/vector_dominant/2307_11056v1.pdf,4,1,agfc,mixed_vector_raster,control,0.4,raster_single=1,artifacts/corpus_runs/20260420_215816_journalmix_v1_arxiv32/docs/31_2307_11056v1/pages/page_004/overlay.png,artifacts/corpus_runs/20260420_215816_journalmix_v1_arxiv32/docs/31_2307_11056v1/pages/page_004/figures.json,artifacts/corpus_runs/20260420_215816_journalmix_v1_arxiv32/docs/31_2307_11056v1/pages/page_004
c_0421,31_2307_11056v1,data/private/journalmix_v1/source_pdfs/vector_dominant/2307_11056v1.pdf,5,0,agfc,unknown,control,0.3,no_figures;page_has_no_figures,artifacts/corpus_runs/20260420_215816_journalmix_v1_arxiv32/docs/31_2307_11056v1/pages/page_005/overlay.png,artifacts/corpus_runs/20260420_215816_journalmix_v1_arxiv32/docs/31_2307_11056v1/pages/page_005/figures.json,artifacts/corpus_runs/20260420_215816_journalmix_v1_arxiv32/docs/31_2307_11056v1/pages/page_005
c_0422,32_2409_07306v1,data/private/journalmix_v1/source_pdfs/vector_dominant/2409_07306v1.pdf,0,1,agfc,mixed_vector_raster,control,0.4,raster_single=1,artifacts/corpus_runs/20260420_215816_journalmix_v1_arxiv32/docs/32_2409_07306v1/pages/page_000/overlay.png,artifacts/corpus_runs/20260420_215816_journalmix_v1_arxiv32/docs/32_2409_07306v1/pages/page_000/figures.json,artifacts/corpus_runs/20260420_215816_journalmix_v1_arxiv32/docs/32_2409_07306v1/pages/page_000
c_0423,32_2409_07306v1,data/private/journalmix_v1/source_pdfs/vector_dominant/2409_07306v1.pdf,1,3,agfc,compound_multi_panel,stress,0.65,vector=16;raster=2;high_panel_count=5;multi_figure_page=3;many_panels=5,artifacts/corpus_runs/20260420_215816_journalmix_v1_arxiv32/docs/32_2409_07306v1/pages/page_001/overlay.png,artifacts/corpus_runs/20260420_215816_journalmix_v1_arxiv32/docs/32_2409_07306v1/pages/page_001/figures.json,artifacts/corpus_runs/20260420_215816_journalmix_v1_arxiv32/docs/32_2409_07306v1/pages/page_001
